EmployeeID,Age,Gender,Department,JobRole,Education,EducationField,MaritalStatus,JobLevel,YearsAtCompany,YearsInCurrentRole,YearsSinceLastPromotion,TotalWorkingYears,MonthlyIncome,HourlyRate,JobSatisfaction,EnvironmentSatisfaction,RelationshipSatisfaction,WorkLifeBalance,OverTime,BusinessTravel,PerformanceRating,TrainingTimesLastYear,NumCompaniesWorked,DistanceFromHome,JobInvolvement,StockOptionLevel,PromotionLast5Years,EmploymentType,Attrition
EMP00001,58,Male,Human Resources,HR Manager,2,Medical,Married,5,35,15,7,37,122017,75,4,4,4,1,No,Travel_Rarely,3,6,7,20,3,0,0,Full-Time,No
EMP00002,48,Female,Research & Development,Healthcare Representative,4,Technical Degree,Divorced,4,8,4,5,26,69329,60,2,4,2,4,No,Travel_Frequently,1,3,2,34,2,0,0,Full-Time,No
EMP00003,34,Male,Sales,Sales Executive,2,Technical Degree,Single,3,7,2,2,13,82845,54,2,3,3,4,No,Travel_Rarely,3,5,2,12,2,0,1,Full-Time,No
EMP00004,27,Male,Research & Development,Healthcare Representative,2,Marketing,Married,1,2,0,0,7,39717,53,4,4,2,2,No,Travel_Rarely,4,4,0,16,3,0,1,Full-Time,No
EMP00005,40,Male,Research & Development,Research Director,4,Marketing,Married,4,4,2,0,19,79158,94,3,3,4,3,No,Travel_Rarely,3,3,7,5,4,2,1,Full-Time,No
EMP00006,58,Female,Research & Development,Healthcare Representative,1,Medical,Married,5,17,4,7,37,97219,54,1,1,1,3,Yes,Travel_Rarely,2,3,0,35,3,1,1,Full-Time,No
EMP00007,38,Female,Sales,Sales Representative,3,Other,Single,3,5,1,1,18,76885,57,2,4,3,2,No,Travel_Rarely,1,4,4,27,3,2,0,Full-Time,No
EMP00008,42,Female,Sales,Sales Representative,4,Marketing,Married,4,15,7,3,20,89757,65,3,1,4,4,No,Travel_Frequently,3,0,0,1,3,1,0,Full-Time,No
EMP00009,30,Male,Research & Development,Healthcare Representative,2,Marketing,Married,3,5,3,0,8,74706,35,1,3,3,2,Yes,Travel_Rarely,4,4,4,34,2,1,1,Full-Time,No
EMP00010,30,Male,Sales,Sales Manager,1,Marketing,Single,2,3,1,1,10,50139,95,3,2,4,1,No,Travel_Rarely,4,1,6,32,3,1,1,Full-Time,No
EMP00011,43,Male,Research & Development,Research Director,3,Technical Degree,Married,3,4,2,3,22,68916,96,3,3,4,2,No,Travel_Rarely,4,6,0,39,3,3,1,Full-Time,Yes
EMP00012,55,Male,Sales,Sales Manager,1,Medical,Married,5,28,18,7,34,125078,77,4,3,2,2,No,Travel_Rarely,3,6,0,33,4,0,1,Full-Time,No
EMP00013,59,Male,Research & Development,Laboratory Technician,2,Technical Degree,Married,5,12,5,3,38,88997,99,3,3,1,2,No,Travel_Frequently,3,3,0,31,2,0,1,Full-Time,No
EMP00014,43,Male,Research & Development,Healthcare Representative,2,Human Resources,Married,4,13,12,6,20,82596,96,4,2,2,1,No,Travel_Rarely,3,1,6,13,3,1,0,Part-Time,No
EMP00015,22,Male,Research & Development,Research Director,2,Technical Degree,Single,2,0,0,0,0,47803,77,2,2,2,3,No,Travel_Rarely,3,4,3,2,1,3,0,Full-Time,No
EMP00016,41,Male,Sales,Sales Manager,3,Human Resources,Married,3,13,9,4,20,77651,94,3,2,4,2,No,Travel_Frequently,3,6,6,30,2,3,0,Full-Time,Yes
EMP00017,21,Female,Sales,Sales Manager,4,Life Sciences,Divorced,1,0,0,0,0,40656,73,1,4,4,4,No,Travel_Rarely,3,5,2,10,3,1,1,Part-Time,Yes
EMP00018,43,Male,Sales,Sales Representative,3,Life Sciences,Married,3,5,4,2,22,62762,92,4,4,1,3,No,Travel_Rarely,3,4,6,23,3,0,0,Full-Time,No
EMP00019,49,Male,Sales,Sales Representative,2,Human Resources,Divorced,4,10,3,3,29,69474,75,4,3,3,3,No,Travel_Frequently,2,2,3,33,2,0,1,Full-Time,No
EMP00020,57,Female,Research & Development,Healthcare Representative,2,Human Resources,Married,5,12,5,6,37,79581,48,4,2,3,2,Yes,Travel_Rarely,3,1,0,39,2,3,1,Full-Time,Yes
EMP00021,21,Male,Human Resources,Human Resources,4,Technical Degree,Single,2,0,0,0,0,51058,93,3,4,1,2,No,Travel_Rarely,4,6,0,29,3,0,1,Full-Time,Yes
EMP00022,40,Female,Human Resources,Human Resources,3,Human Resources,Married,4,13,3,8,18,82303,79,3,2,3,3,No,Non-Travel,4,2,3,30,4,0,0,Full-Time,No
EMP00023,52,Male,Research & Development,Healthcare Representative,4,Medical,Divorced,5,13,11,0,32,125010,92,4,2,2,3,No,Travel_Rarely,3,1,7,34,2,3,1,Full-Time,No
EMP00024,31,Male,Research & Development,Healthcare Representative,3,Life Sciences,Single,2,1,0,0,8,52075,70,4,3,3,3,No,Travel_Rarely,1,5,5,39,3,0,1,Full-Time,No
EMP00025,41,Female,Research & Development,Healthcare Representative,3,Life Sciences,Divorced,4,12,9,4,21,76300,36,4,4,3,3,No,Travel_Rarely,4,2,4,17,2,1,0,Full-Time,No
EMP00026,44,Female,Sales,Sales Manager,3,Other,Divorced,4,15,4,3,23,101057,38,3,1,4,3,No,Travel_Frequently,3,2,2,22,4,1,0,Full-Time,No
EMP00027,46,Female,Human Resources,Recruiter,3,Human Resources,Married,4,22,17,12,23,85451,33,4,1,1,3,No,Travel_Frequently,3,1,6,5,3,0,1,Full-Time,No
EMP00028,47,Male,Research & Development,Healthcare Representative,3,Marketing,Single,4,18,13,11,27,89667,78,2,3,4,4,No,Travel_Frequently,3,4,4,11,4,0,0,Full-Time,No
EMP00029,35,Male,Research & Development,Research Director,3,Marketing,Married,3,6,5,3,12,56563,35,2,2,3,3,No,Travel_Rarely,3,0,7,22,1,0,1,Full-Time,No
EMP00030,34,Male,Sales,Sales Representative,2,Human Resources,Single,2,7,1,5,11,49989,50,1,3,4,4,No,Travel_Frequently,3,4,5,32,3,1,1,Full-Time,No
EMP00031,22,Male,Research & Development,Laboratory Technician,3,Medical,Married,1,0,0,0,0,43629,44,2,3,3,4,No,Travel_Rarely,4,0,2,24,3,1,0,Full-Time,No
EMP00032,56,Female,Research & Development,Research Scientist,4,Marketing,Married,5,29,14,20,34,106462,96,4,3,4,1,No,Travel_Rarely,2,1,1,11,2,0,1,Full-Time,No
EMP00033,26,Male,Research & Development,Manufacturing Director,5,Other,Married,1,2,0,1,6,33734,95,4,1,4,2,Yes,Travel_Rarely,2,3,2,11,2,3,1,Full-Time,No
EMP00034,40,Female,Research & Development,Healthcare Representative,3,Human Resources,Married,4,7,4,2,18,90701,85,4,1,3,3,Yes,Non-Travel,1,4,6,17,3,0,0,Full-Time,No
EMP00035,28,Male,Research & Development,Healthcare Representative,3,Medical,Married,2,2,1,1,6,62649,97,3,4,3,3,Yes,Travel_Rarely,3,2,4,32,3,0,0,Full-Time,No
EMP00036,58,Male,Human Resources,HR Manager,2,Medical,Married,5,22,11,1,37,91790,61,3,4,4,3,No,Travel_Frequently,2,4,2,19,1,0,1,Full-Time,No
EMP00037,37,Male,Sales,Sales Representative,4,Technical Degree,Married,3,12,10,7,16,69461,95,4,2,4,3,No,Travel_Rarely,3,1,1,27,3,0,0,Full-Time,No
EMP00038,23,Female,Research & Development,Laboratory Technician,3,Medical,Married,1,0,0,0,0,43868,58,3,1,4,2,No,Travel_Rarely,1,3,1,32,2,3,0,Contract,No
EMP00039,44,Female,Sales,Sales Manager,5,Marketing,Married,5,5,1,1,21,87066,95,4,1,4,2,Yes,Travel_Rarely,3,3,0,25,2,0,0,Part-Time,No
EMP00040,33,Female,Research & Development,Research Scientist,3,Marketing,Married,2,9,2,4,12,58071,63,3,3,3,1,No,Travel_Frequently,3,4,6,28,3,0,0,Contract,Yes
EMP00041,28,Female,Human Resources,HR Manager,3,Human Resources,Married,3,5,2,2,7,72906,56,3,4,1,3,No,Travel_Rarely,1,4,1,27,2,2,1,Part-Time,No
EMP00042,45,Female,Sales,Sales Executive,3,Human Resources,Married,4,10,9,1,25,92807,89,3,3,2,3,No,Travel_Rarely,3,5,3,14,3,1,1,Full-Time,No
EMP00043,21,Female,Research & Development,Manufacturing Director,4,Medical,Married,2,0,0,0,0,49229,68,4,3,4,2,No,Travel_Rarely,3,4,4,39,3,0,1,Full-Time,No
EMP00044,39,Male,Sales,Sales Manager,3,Other,Single,3,8,5,2,16,63437,73,2,4,2,3,Yes,Travel_Rarely,2,1,3,2,3,2,1,Full-Time,Yes
EMP00045,47,Male,Human Resources,Human Resources,3,Life Sciences,Single,4,23,12,10,26,92984,65,3,4,1,1,No,Travel_Frequently,3,0,5,17,3,1,1,Full-Time,No
EMP00046,26,Male,Research & Development,Manufacturing Director,5,Technical Degree,Divorced,1,5,4,3,6,31606,48,4,1,4,1,Yes,Travel_Rarely,4,5,3,1,4,0,0,Full-Time,No
EMP00047,27,Female,Research & Development,Healthcare Representative,1,Life Sciences,Married,2,3,0,2,6,50871,74,3,2,4,3,No,Travel_Rarely,4,0,4,32,3,1,0,Full-Time,No
EMP00048,54,Female,Sales,Sales Representative,4,Medical,Married,5,24,8,10,33,87800,50,4,1,2,3,No,Travel_Rarely,1,2,7,19,3,3,1,Full-Time,No
EMP00049,33,Male,Human Resources,Recruiter,2,Medical,Married,3,9,2,5,11,53811,52,2,4,2,3,No,Travel_Frequently,3,6,5,14,2,1,1,Full-Time,No
EMP00050,36,Female,Research & Development,Healthcare Representative,4,Life Sciences,Single,4,7,3,2,13,104132,56,3,4,3,4,No,Travel_Rarely,3,1,3,31,3,1,1,Full-Time,No
EMP00051,55,Female,Sales,Sales Manager,3,Technical Degree,Married,5,15,6,8,35,99124,48,4,3,1,4,Yes,Travel_Rarely,2,5,7,18,3,3,0,Full-Time,No
EMP00052,59,Male,Research & Development,Manufacturing Director,3,Life Sciences,Married,5,29,25,4,37,124124,70,3,1,4,2,No,Travel_Rarely,3,3,3,14,2,1,0,Full-Time,No
EMP00053,23,Male,Sales,Sales Manager,4,Human Resources,Married,1,0,0,0,0,30365,55,3,2,2,3,No,Non-Travel,3,5,6,14,3,0,1,Part-Time,No
EMP00054,21,Female,Human Resources,Recruiter,1,Marketing,Married,1,0,0,0,0,37741,57,2,2,4,3,Yes,Travel_Frequently,3,2,5,24,2,0,1,Part-Time,No
EMP00055,25,Male,Sales,Sales Executive,2,Other,Single,1,4,2,0,5,31366,93,2,3,4,3,No,Travel_Frequently,3,3,3,5,1,1,1,Full-Time,Yes
EMP00056,23,Female,Research & Development,Healthcare Representative,3,Human Resources,Single,1,0,0,0,0,41086,97,3,2,3,3,No,Travel_Frequently,3,5,1,16,2,0,0,Full-Time,Yes
EMP00057,48,Male,Research & Development,Research Scientist,3,Marketing,Divorced,5,14,7,9,27,115492,80,1,1,2,2,No,Travel_Frequently,3,3,7,5,3,3,1,Part-Time,No
EMP00058,37,Female,Sales,Sales Manager,3,Other,Married,3,5,4,1,15,57097,77,4,4,3,2,No,Travel_Frequently,3,4,4,13,3,0,0,Full-Time,No
EMP00059,45,Female,Sales,Sales Manager,1,Other,Married,5,12,10,4,25,121460,39,4,2,3,3,Yes,Travel_Rarely,3,3,4,16,2,1,0,Part-Time,No
EMP00060,53,Female,Sales,Sales Manager,2,Other,Single,5,12,10,8,30,88100,68,2,3,2,3,No,Travel_Frequently,3,5,4,15,3,1,0,Full-Time,No
EMP00061,29,Male,Research & Development,Healthcare Representative,2,Medical,Single,3,2,1,1,7,72858,48,3,1,4,2,No,Travel_Rarely,4,3,3,31,1,1,1,Full-Time,No
EMP00062,55,Female,Sales,Sales Manager,2,Other,Married,5,27,7,6,34,124881,93,3,4,3,2,No,Travel_Rarely,3,1,1,5,2,0,1,Full-Time,No
EMP00063,33,Female,Research & Development,Manufacturing Director,3,Technical Degree,Married,3,4,1,1,12,81345,48,2,3,4,3,No,Travel_Rarely,4,4,4,21,3,0,1,Full-Time,No
EMP00064,50,Male,Sales,Sales Representative,4,Life Sciences,Married,4,15,3,8,27,103605,91,2,4,1,2,No,Travel_Frequently,3,4,2,30,3,1,0,Full-Time,No
EMP00065,34,Female,Sales,Sales Manager,5,Technical Degree,Single,2,6,2,2,13,49022,42,3,3,1,2,Yes,Travel_Rarely,3,2,4,23,2,2,0,Full-Time,Yes
EMP00066,27,Male,Research & Development,Research Director,4,Life Sciences,Married,1,6,1,0,7,29791,54,3,4,4,2,No,Travel_Frequently,3,4,0,38,2,1,0,Full-Time,Yes
EMP00067,33,Male,Sales,Sales Executive,2,Human Resources,Single,2,5,2,1,10,45320,71,3,4,3,2,No,Non-Travel,3,0,2,29,4,0,1,Full-Time,No
EMP00068,42,Male,Human Resources,Recruiter,3,Human Resources,Single,4,5,3,3,20,85819,68,3,3,3,3,No,Travel_Rarely,3,1,4,13,2,0,1,Full-Time,No
EMP00069,59,Male,Research & Development,Laboratory Technician,2,Life Sciences,Married,5,9,8,4,36,115935,59,4,4,3,3,No,Travel_Rarely,4,2,3,32,2,2,0,Full-Time,No
EMP00070,40,Male,Research & Development,Research Scientist,2,Technical Degree,Single,4,11,8,8,17,72155,34,4,2,2,1,Yes,Non-Travel,3,0,7,27,3,3,1,Full-Time,No
EMP00071,35,Female,Research & Development,Research Director,3,Life Sciences,Single,3,8,7,4,13,74331,47,3,3,4,1,Yes,Travel_Rarely,3,3,4,34,3,0,1,Full-Time,Yes
EMP00072,37,Male,Human Resources,Recruiter,1,Other,Married,3,8,1,6,16,63742,50,4,1,1,2,Yes,Travel_Rarely,3,6,1,33,3,1,1,Full-Time,No
EMP00073,43,Female,Sales,Sales Manager,2,Medical,Married,4,11,2,1,21,79606,79,2,3,3,3,No,Travel_Frequently,4,0,1,4,4,0,1,Full-Time,No
EMP00074,45,Male,Sales,Sales Manager,5,Human Resources,Married,4,6,4,3,25,92114,35,4,4,3,1,No,Non-Travel,3,2,4,18,2,1,0,Full-Time,Yes
EMP00075,44,Male,Sales,Sales Representative,3,Medical,Married,5,14,6,0,23,100765,79,3,4,4,3,No,Travel_Rarely,3,4,6,6,3,2,1,Full-Time,No
EMP00076,48,Male,Research & Development,Manufacturing Director,3,Other,Single,5,15,6,8,25,116809,95,4,1,3,2,Yes,Non-Travel,2,1,3,28,2,0,1,Full-Time,Yes
EMP00077,34,Female,Sales,Sales Manager,1,Other,Single,3,4,1,1,13,58461,30,3,3,1,2,Yes,Travel_Rarely,3,6,3,27,3,1,0,Contract,No
EMP00078,20,Male,Research & Development,Healthcare Representative,2,Human Resources,Divorced,1,0,0,0,0,41084,86,2,2,3,2,No,Travel_Rarely,1,2,3,26,4,0,1,Part-Time,No
EMP00079,44,Female,Human Resources,Human Resources,4,Human Resources,Married,4,7,4,4,24,68805,59,3,3,1,1,No,Travel_Rarely,1,0,4,20,3,0,1,Full-Time,No
EMP00080,26,Female,Research & Development,Healthcare Representative,2,Other,Married,2,1,0,0,5,45457,87,3,2,2,3,No,Travel_Rarely,3,6,7,13,3,1,0,Full-Time,No
EMP00081,28,Female,Research & Development,Laboratory Technician,3,Marketing,Single,3,4,2,0,7,74218,81,3,4,1,3,No,Travel_Rarely,3,0,4,28,4,0,1,Full-Time,No
EMP00082,43,Male,Sales,Sales Manager,1,Medical,Married,4,7,5,3,22,99642,66,3,2,3,4,No,Travel_Rarely,3,2,0,34,2,1,1,Full-Time,No
EMP00083,20,Male,Research & Development,Research Scientist,3,Medical,Single,1,0,0,0,0,32219,77,4,2,1,1,Yes,Travel_Frequently,4,6,1,23,3,0,0,Full-Time,No
EMP00084,27,Female,Research & Development,Research Director,1,Marketing,Married,1,2,0,0,6,33448,30,3,4,3,2,Yes,Travel_Rarely,2,5,6,10,4,1,0,Part-Time,Yes
EMP00085,43,Male,Sales,Sales Executive,4,Technical Degree,Divorced,3,20,6,13,21,70469,48,3,3,4,2,Yes,Travel_Rarely,3,5,2,30,3,0,1,Full-Time,No
EMP00086,30,Female,Sales,Sales Executive,4,Medical,Divorced,3,7,3,1,9,60214,75,2,1,4,3,Yes,Travel_Rarely,3,2,2,22,2,1,0,Full-Time,No
EMP00087,36,Male,Human Resources,Recruiter,4,Life Sciences,Married,3,6,4,4,16,79101,96,4,3,1,2,Yes,Travel_Rarely,2,5,7,5,2,1,1,Full-Time,No
EMP00088,27,Female,Research & Development,Manufacturing Director,2,Other,Married,2,2,1,0,6,59367,31,4,1,2,3,No,Travel_Rarely,3,2,1,9,2,3,0,Full-Time,No
EMP00089,54,Female,Research & Development,Manufacturing Director,4,Other,Divorced,5,12,8,6,33,85806,85,4,4,3,2,No,Travel_Rarely,3,4,5,4,2,3,0,Full-Time,Yes
EMP00090,54,Female,Human Resources,HR Manager,3,Marketing,Married,5,18,6,9,31,100618,46,2,3,4,1,No,Travel_Rarely,3,6,0,1,3,0,0,Full-Time,No
EMP00091,52,Male,Research & Development,Laboratory Technician,3,Medical,Single,5,6,4,1,30,115079,51,3,2,1,4,No,Travel_Rarely,4,2,1,34,1,0,1,Full-Time,No
EMP00092,24,Female,Research & Development,Healthcare Representative,3,Technical Degree,Married,1,2,1,0,3,33615,56,1,3,4,3,No,Travel_Frequently,3,3,0,26,2,1,1,Full-Time,No
EMP00093,58,Male,Research & Development,Manufacturing Director,1,Medical,Single,5,22,12,14,36,108489,84,3,1,3,3,Yes,Travel_Frequently,4,1,5,18,3,1,1,Full-Time,No
EMP00094,47,Male,Sales,Sales Executive,2,Other,Married,5,24,15,14,27,81384,61,1,4,3,3,No,Travel_Frequently,3,1,0,16,3,0,0,Full-Time,No
EMP00095,26,Female,Research & Development,Research Director,4,Human Resources,Married,2,0,0,0,3,55408,89,3,4,4,3,No,Travel_Rarely,2,3,3,23,3,0,1,Full-Time,No
EMP00096,28,Female,Research & Development,Manufacturing Director,2,Life Sciences,Married,2,5,3,2,6,44463,57,3,4,4,1,No,Travel_Rarely,3,0,1,36,3,1,0,Full-Time,Yes
EMP00097,27,Female,Research & Development,Manufacturing Director,3,Marketing,Married,2,3,2,0,4,60733,57,3,2,4,3,No,Travel_Rarely,2,0,2,26,1,3,0,Full-Time,No
EMP00098,31,Female,Human Resources,HR Manager,3,Human Resources,Single,2,3,0,0,10,49330,54,3,2,3,2,Yes,Non-Travel,3,0,4,2,1,3,0,Full-Time,Yes
EMP00099,53,Male,Research & Development,Laboratory Technician,4,Technical Degree,Married,5,17,13,6,33,92142,55,4,1,3,3,No,Travel_Rarely,3,6,5,5,1,0,0,Contract,No
EMP00100,52,Male,Research & Development,Research Director,5,Human Resources,Married,5,9,2,0,29,118151,46,1,3,3,3,Yes,Travel_Rarely,3,0,5,29,3,0,1,Full-Time,Yes
EMP00101,42,Female,Research & Development,Healthcare Representative,4,Human Resources,Married,3,8,2,5,21,55129,36,4,3,2,3,No,Travel_Rarely,2,4,4,4,1,0,0,Full-Time,No
EMP00102,43,Male,Research & Development,Manufacturing Director,2,Technical Degree,Single,4,8,7,4,21,81767,85,2,3,3,3,No,Travel_Frequently,3,3,1,35,3,1,0,Full-Time,No
EMP00103,56,Male,Research & Development,Healthcare Representative,2,Human Resources,Divorced,5,23,22,17,36,96255,93,1,4,2,3,Yes,Travel_Rarely,2,1,6,22,2,2,1,Full-Time,Yes
EMP00104,54,Male,Sales,Sales Manager,3,Marketing,Divorced,5,17,4,9,34,92293,49,2,2,1,2,Yes,Travel_Rarely,3,3,4,8,4,2,0,Full-Time,No
EMP00105,59,Male,Research & Development,Healthcare Representative,1,Other,Single,5,35,19,26,37,121446,67,4,1,3,2,Yes,Travel_Rarely,3,1,0,21,3,1,1,Full-Time,No
EMP00106,41,Male,Sales,Sales Representative,1,Medical,Single,4,5,1,2,19,95586,87,3,1,4,1,Yes,Travel_Rarely,4,0,4,8,3,0,1,Full-Time,No
EMP00107,46,Male,Research & Development,Research Director,3,Human Resources,Married,5,25,14,12,26,82022,45,4,2,4,3,No,Non-Travel,2,4,0,5,3,0,0,Full-Time,No
EMP00108,54,Male,Research & Development,Research Scientist,3,Marketing,Married,5,11,9,8,31,112282,80,3,1,3,4,No,Travel_Rarely,3,2,0,21,3,3,1,Full-Time,No
EMP00109,20,Male,Research & Development,Laboratory Technician,5,Medical,Divorced,2,0,0,0,0,53455,56,1,3,3,2,Yes,Travel_Rarely,3,2,2,27,3,0,1,Full-Time,No
EMP00110,54,Female,Human Resources,HR Manager,2,Medical,Divorced,5,15,10,0,32,120940,80,4,2,1,1,No,Travel_Rarely,4,5,4,38,4,0,0,Full-Time,Yes
EMP00111,56,Male,Research & Development,Research Scientist,2,Human Resources,Married,5,10,4,5,33,93601,45,1,2,4,3,No,Travel_Rarely,3,0,6,5,3,1,1,Full-Time,No
EMP00112,33,Male,Research & Development,Manufacturing Director,2,Marketing,Married,3,10,6,7,12,71636,89,4,4,3,4,Yes,Travel_Rarely,2,0,2,21,4,1,1,Full-Time,No
EMP00113,22,Female,Research & Development,Manufacturing Director,5,Other,Single,1,0,0,0,2,36312,69,2,2,4,3,Yes,Travel_Rarely,3,3,6,8,3,3,1,Full-Time,Yes
EMP00114,20,Male,Research & Development,Healthcare Representative,4,Human Resources,Single,2,0,0,0,0,52549,96,2,3,4,1,No,Travel_Rarely,3,4,4,22,4,0,1,Full-Time,Yes
EMP00115,24,Female,Sales,Sales Representative,4,Technical Degree,Married,2,1,0,0,3,51746,31,4,2,2,4,Yes,Travel_Rarely,3,4,6,18,2,1,0,Full-Time,Yes
EMP00116,45,Female,Sales,Sales Manager,5,Medical,Married,4,14,9,11,25,74319,77,4,3,3,4,No,Travel_Frequently,4,3,0,4,2,1,0,Full-Time,No
EMP00117,33,Male,Research & Development,Laboratory Technician,3,Human Resources,Married,2,7,3,0,13,58937,81,3,4,4,2,Yes,Travel_Rarely,2,4,6,4,3,3,0,Full-Time,Yes
EMP00118,58,Male,Research & Development,Manufacturing Director,3,Medical,Married,5,27,11,14,35,100037,53,4,1,1,4,No,Travel_Rarely,4,6,4,37,2,2,1,Full-Time,No
EMP00119,46,Female,Sales,Sales Executive,3,Marketing,Single,4,6,1,1,24,103682,31,2,3,3,3,No,Travel_Frequently,2,6,5,15,2,2,1,Full-Time,Yes
EMP00120,28,Female,Sales,Sales Executive,3,Life Sciences,Married,3,5,4,2,7,61765,94,4,4,4,3,No,Travel_Frequently,4,4,5,38,2,0,1,Part-Time,No
EMP00121,34,Male,Sales,Sales Manager,3,Human Resources,Single,2,12,6,5,14,57185,49,3,3,2,3,No,Travel_Frequently,4,6,2,27,3,2,0,Full-Time,Yes
EMP00122,34,Female,Human Resources,Human Resources,3,Other,Married,2,2,0,0,11,63377,63,2,2,4,4,No,Travel_Rarely,3,2,7,21,4,0,0,Full-Time,No
EMP00123,45,Male,Research & Development,Manufacturing Director,5,Human Resources,Married,4,7,4,1,24,92174,70,2,3,4,3,Yes,Travel_Rarely,3,4,3,4,3,0,1,Full-Time,No
EMP00124,32,Female,Research & Development,Research Scientist,5,Medical,Married,2,8,6,3,11,61710,70,1,3,4,1,No,Travel_Rarely,2,6,5,11,4,0,1,Full-Time,No
EMP00125,51,Male,Sales,Sales Executive,4,Marketing,Divorced,4,17,5,1,31,98571,52,3,4,2,4,No,Travel_Rarely,1,0,6,19,3,1,0,Full-Time,No
EMP00126,58,Female,Research & Development,Laboratory Technician,4,Technical Degree,Single,5,19,16,4,37,95795,67,2,1,2,2,No,Travel_Frequently,2,2,2,19,1,0,0,Full-Time,No
EMP00127,51,Female,Sales,Sales Representative,4,Other,Married,4,9,8,6,31,89704,73,3,1,1,3,No,Travel_Rarely,2,0,6,27,2,2,0,Part-Time,No
EMP00128,23,Female,Sales,Sales Manager,2,Marketing,Single,1,0,0,0,0,30628,96,4,2,4,3,Yes,Travel_Frequently,3,0,3,28,3,1,0,Full-Time,No
EMP00129,49,Male,Research & Development,Research Scientist,1,Human Resources,Married,5,7,3,2,26,103951,91,1,2,4,2,No,Travel_Rarely,3,6,1,5,2,0,1,Full-Time,Yes
EMP00130,56,Male,Sales,Sales Manager,4,Technical Degree,Divorced,5,20,7,15,35,89764,41,3,2,3,2,No,Travel_Rarely,4,6,2,25,2,1,1,Full-Time,No
EMP00131,42,Male,Sales,Sales Executive,4,Marketing,Married,4,17,8,3,22,95305,59,3,2,3,4,No,Travel_Frequently,3,3,5,3,3,0,1,Full-Time,No
EMP00132,58,Male,Sales,Sales Manager,1,Life Sciences,Divorced,5,14,6,4,36,103604,94,4,2,1,3,No,Travel_Rarely,3,5,5,26,3,0,1,Full-Time,No
EMP00133,34,Male,Sales,Sales Representative,5,Other,Single,2,6,2,2,11,50669,70,3,1,4,3,Yes,Travel_Frequently,3,4,4,10,3,1,0,Full-Time,No
EMP00134,48,Female,Sales,Sales Representative,1,Medical,Divorced,5,27,18,16,28,91549,49,3,4,4,3,No,Travel_Rarely,3,4,3,24,4,2,0,Part-Time,No
EMP00135,55,Male,Research & Development,Laboratory Technician,2,Marketing,Single,5,26,15,18,35,125489,35,3,1,4,3,No,Travel_Rarely,3,4,5,29,3,1,1,Full-Time,No
EMP00136,32,Male,Research & Development,Research Scientist,4,Marketing,Divorced,3,10,8,7,12,55808,33,2,2,4,3,No,Travel_Rarely,3,4,4,7,3,2,1,Full-Time,No
EMP00137,51,Female,Research & Development,Healthcare Representative,2,Life Sciences,Single,5,15,3,9,30,81075,39,1,2,4,2,No,Travel_Frequently,3,6,3,23,4,2,1,Full-Time,No
EMP00138,26,Female,Research & Development,Laboratory Technician,1,Human Resources,Single,1,3,2,0,4,31634,80,3,4,4,3,No,Travel_Rarely,3,2,2,27,2,0,0,Contract,No
EMP00139,41,Female,Sales,Sales Representative,3,Other,Married,3,4,3,0,20,84138,67,1,4,3,4,Yes,Travel_Rarely,3,1,2,9,3,1,0,Full-Time,No
EMP00140,47,Female,Human Resources,Human Resources,4,Other,Divorced,4,7,5,2,24,104490,30,3,4,3,3,No,Travel_Rarely,4,0,4,3,4,1,0,Contract,No
EMP00141,21,Male,Research & Development,Manufacturing Director,3,Medical,Single,1,0,0,0,0,38856,37,2,1,4,2,No,Travel_Rarely,2,5,2,13,3,0,1,Full-Time,No
EMP00142,25,Male,Sales,Sales Manager,4,Marketing,Married,1,2,1,1,5,42571,92,3,4,3,4,No,Non-Travel,3,5,4,6,3,2,1,Full-Time,No
EMP00143,47,Female,Research & Development,Research Director,3,Technical Degree,Divorced,5,22,20,11,26,88999,62,1,3,3,3,No,Travel_Rarely,3,1,0,38,3,2,1,Full-Time,Yes
EMP00144,47,Female,Sales,Sales Representative,1,Marketing,Married,4,12,5,0,27,104209,44,4,2,1,1,No,Travel_Rarely,3,1,6,21,3,0,1,Full-Time,No
EMP00145,39,Male,Research & Development,Research Director,5,Medical,Single,4,12,7,8,17,71868,60,4,3,2,4,Yes,Travel_Rarely,4,1,3,19,1,3,1,Full-Time,No
EMP00146,49,Female,Research & Development,Manufacturing Director,1,Marketing,Married,5,21,4,4,28,83752,50,2,4,3,3,Yes,Travel_Frequently,3,6,4,25,4,0,1,Full-Time,No
EMP00147,30,Male,Human Resources,HR Manager,5,Life Sciences,Married,3,6,1,2,9,57084,32,2,4,2,2,No,Travel_Rarely,3,2,3,39,4,3,0,Full-Time,Yes
EMP00148,47,Male,Research & Development,Healthcare Representative,3,Marketing,Divorced,4,12,4,6,26,88651,95,3,4,2,2,No,Travel_Frequently,2,1,7,4,4,0,1,Full-Time,No
EMP00149,44,Male,Research & Development,Healthcare Representative,5,Marketing,Married,5,15,4,5,24,115365,64,1,4,3,3,No,Travel_Rarely,4,2,0,22,3,2,1,Full-Time,No
EMP00150,58,Male,Human Resources,HR Manager,2,Technical Degree,Married,5,18,7,6,38,96100,70,3,2,2,3,No,Travel_Frequently,3,6,3,5,2,1,0,Part-Time,No
EMP00151,52,Male,Sales,Sales Executive,3,Life Sciences,Divorced,5,8,2,0,31,124522,88,2,3,4,2,No,Travel_Rarely,2,3,4,1,1,1,1,Full-Time,No
EMP00152,20,Male,Sales,Sales Executive,2,Life Sciences,Married,1,0,0,0,0,35217,45,4,1,3,2,No,Non-Travel,3,3,6,17,4,0,1,Full-Time,No
EMP00153,46,Female,Research & Development,Laboratory Technician,1,Marketing,Single,5,7,6,4,24,86045,85,4,4,3,2,No,Travel_Frequently,3,5,6,9,3,0,1,Full-Time,No
EMP00154,32,Male,Research & Development,Research Director,3,Other,Single,2,2,0,1,10,51983,74,3,2,1,3,No,Travel_Rarely,1,3,2,9,2,0,1,Full-Time,No
EMP00155,22,Male,Research & Development,Laboratory Technician,2,Technical Degree,Married,2,0,0,0,0,57096,88,3,4,2,2,Yes,Travel_Rarely,4,2,6,24,3,2,1,Full-Time,Yes
EMP00156,58,Female,Human Resources,Recruiter,3,Marketing,Single,5,15,4,5,36,117748,79,4,2,3,2,No,Travel_Frequently,3,2,6,10,3,0,1,Full-Time,No
EMP00157,25,Female,Research & Development,Research Director,2,Marketing,Divorced,2,2,1,1,3,51810,41,4,3,4,3,No,Travel_Rarely,3,0,7,20,3,1,0,Contract,Yes
EMP00158,27,Female,Research & Development,Manufacturing Director,3,Medical,Married,2,2,1,1,5,55046,41,4,1,4,3,No,Travel_Frequently,3,1,3,17,3,2,1,Full-Time,No
EMP00159,46,Female,Sales,Sales Representative,4,Medical,Single,4,13,9,2,26,76726,62,1,2,2,3,Yes,Travel_Rarely,4,4,3,13,3,3,1,Full-Time,Yes
EMP00160,28,Female,Research & Development,Research Director,3,Other,Married,2,2,1,0,6,56301,78,2,4,3,3,No,Travel_Rarely,1,4,5,29,4,0,1,Full-Time,Yes
EMP00161,56,Male,Human Resources,Human Resources,3,Technical Degree,Married,5,16,3,10,34,124897,50,3,1,2,3,No,Travel_Rarely,3,1,5,36,2,2,1,Full-Time,No
EMP00162,52,Male,Research & Development,Laboratory Technician,3,Human Resources,Divorced,5,16,15,7,31,81330,89,3,3,4,3,Yes,Travel_Rarely,3,4,0,23,2,0,1,Contract,Yes
EMP00163,43,Male,Sales,Sales Representative,4,Medical,Divorced,4,17,15,1,23,100874,81,1,1,4,4,No,Travel_Rarely,3,4,1,27,3,1,0,Full-Time,No
EMP00164,34,Male,Research & Development,Research Scientist,3,Human Resources,Married,3,6,5,3,11,71261,83,1,3,3,3,No,Travel_Rarely,3,6,6,18,4,1,0,Full-Time,No
EMP00165,51,Male,Sales,Sales Manager,4,Life Sciences,Married,5,26,18,3,28,90772,68,4,2,3,2,No,Non-Travel,2,4,2,18,3,0,1,Full-Time,No
EMP00166,51,Female,Sales,Sales Representative,5,Medical,Married,5,6,2,2,29,123452,78,4,2,4,3,Yes,Travel_Rarely,3,5,6,9,3,0,1,Full-Time,No
EMP00167,43,Male,Sales,Sales Representative,4,Medical,Married,4,12,10,5,20,85150,93,3,4,4,3,Yes,Travel_Rarely,4,2,4,3,3,1,1,Full-Time,No
EMP00168,31,Male,Research & Development,Manufacturing Director,3,Technical Degree,Single,2,5,2,3,8,48760,55,4,3,3,3,No,Travel_Frequently,2,2,0,7,3,0,1,Full-Time,Yes
EMP00169,58,Male,Research & Development,Healthcare Representative,3,Other,Single,5,32,20,11,35,87489,36,3,2,4,3,No,Travel_Rarely,4,2,4,15,4,3,1,Full-Time,No
EMP00170,21,Female,Sales,Sales Manager,4,Human Resources,Married,1,0,0,0,0,32083,91,4,3,3,4,Yes,Travel_Rarely,3,1,4,30,4,0,1,Contract,No
EMP00171,22,Male,Research & Development,Manufacturing Director,3,Medical,Single,1,0,0,0,0,41792,53,3,1,3,3,Yes,Travel_Frequently,3,3,3,9,3,3,0,Full-Time,Yes
EMP00172,56,Female,Research & Development,Healthcare Representative,1,Medical,Single,5,30,9,20,34,107620,69,1,2,4,3,No,Travel_Rarely,3,5,0,27,3,1,1,Full-Time,No
EMP00173,36,Male,Research & Development,Research Scientist,2,Technical Degree,Married,3,5,1,0,15,82317,76,3,3,3,4,Yes,Travel_Frequently,1,5,0,36,1,3,0,Full-Time,No
EMP00174,21,Male,Sales,Sales Manager,4,Technical Degree,Single,1,0,0,0,0,31877,37,3,2,4,3,No,Travel_Rarely,4,4,5,18,3,1,0,Full-Time,Yes
EMP00175,21,Male,Research & Development,Manufacturing Director,2,Other,Married,1,0,0,0,0,30048,83,3,3,2,3,No,Travel_Rarely,3,0,7,31,3,2,1,Full-Time,No
EMP00176,47,Female,Research & Development,Research Director,4,Human Resources,Married,5,20,13,12,26,79333,38,1,3,3,4,No,Travel_Rarely,3,2,2,17,3,0,0,Full-Time,No
EMP00177,42,Male,Sales,Sales Executive,3,Life Sciences,Divorced,4,18,6,6,20,86106,32,4,4,1,2,No,Travel_Rarely,3,6,1,6,2,1,0,Full-Time,No
EMP00178,56,Female,Sales,Sales Representative,3,Other,Married,5,25,5,7,35,125471,83,2,4,3,2,No,Travel_Frequently,3,5,4,39,4,0,0,Full-Time,No
EMP00179,51,Male,Research & Development,Research Scientist,1,Life Sciences,Single,5,15,12,4,28,111365,50,2,1,3,4,Yes,Travel_Rarely,4,5,6,25,3,0,0,Full-Time,No
EMP00180,52,Male,Human Resources,Recruiter,2,Marketing,Married,5,7,6,4,30,93390,77,3,2,4,3,No,Travel_Rarely,3,0,2,38,3,1,0,Full-Time,No
EMP00181,20,Female,Research & Development,Research Scientist,5,Medical,Married,2,0,0,0,0,61844,76,3,2,3,4,No,Travel_Rarely,4,4,6,38,1,1,1,Contract,No
EMP00182,38,Female,Research & Development,Healthcare Representative,4,Human Resources,Divorced,4,9,5,5,16,96787,97,3,2,4,1,No,Travel_Rarely,3,5,5,31,3,0,1,Full-Time,No
EMP00183,21,Female,Research & Development,Research Director,4,Other,Married,1,0,0,0,0,28304,92,4,4,2,3,No,Travel_Rarely,2,5,7,29,4,1,1,Full-Time,No
EMP00184,45,Female,Research & Development,Research Director,3,Medical,Single,4,18,9,12,25,98157,45,3,4,4,2,No,Travel_Rarely,4,3,7,9,3,1,1,Full-Time,No
EMP00185,51,Female,Sales,Sales Manager,4,Human Resources,Divorced,5,16,9,4,29,93024,34,3,3,3,3,Yes,Travel_Frequently,3,0,2,1,3,0,1,Full-Time,No
EMP00186,25,Female,Research & Development,Healthcare Representative,3,Human Resources,Single,1,1,0,0,5,30519,40,4,3,3,2,No,Travel_Frequently,3,6,4,16,2,1,1,Full-Time,Yes
EMP00187,51,Female,Human Resources,Recruiter,3,Human Resources,Married,4,11,6,0,31,75126,58,1,1,2,2,No,Travel_Rarely,4,6,3,38,3,1,0,Full-Time,No
EMP00188,23,Female,Research & Development,Research Director,1,Medical,Married,1,0,0,0,3,35781,99,3,3,3,1,No,Travel_Rarely,2,4,3,23,4,0,0,Full-Time,Yes
EMP00189,30,Female,Human Resources,Human Resources,3,Other,Single,2,5,3,3,8,50996,77,4,4,3,3,Yes,Non-Travel,3,4,4,8,3,2,1,Full-Time,No
EMP00190,36,Female,Research & Development,Research Scientist,4,Technical Degree,Single,3,10,4,2,15,62649,44,1,3,3,3,Yes,Travel_Rarely,3,2,5,12,4,1,1,Full-Time,No
EMP00191,57,Female,Sales,Sales Representative,5,Medical,Single,5,21,8,4,35,87058,63,3,2,4,2,Yes,Travel_Rarely,3,3,5,10,4,2,1,Full-Time,No
EMP00192,43,Male,Human Resources,HR Manager,1,Human Resources,Married,3,18,4,4,22,77560,89,4,3,4,2,No,Travel_Rarely,4,4,0,16,4,0,1,Full-Time,No
EMP00193,24,Female,Sales,Sales Executive,4,Other,Divorced,2,1,0,0,2,64562,91,3,3,4,2,No,Travel_Rarely,4,3,1,24,4,2,0,Full-Time,No
EMP00194,53,Female,Research & Development,Manufacturing Director,3,Marketing,Single,5,21,8,7,31,115217,31,3,3,3,4,No,Travel_Frequently,3,2,6,39,1,0,1,Full-Time,No
EMP00195,25,Male,Sales,Sales Representative,3,Life Sciences,Married,2,0,0,0,3,47902,48,4,3,4,2,No,Travel_Frequently,3,6,3,8,4,0,1,Full-Time,No
EMP00196,41,Female,Sales,Sales Manager,2,Human Resources,Single,3,15,10,10,20,61261,78,2,3,4,2,Yes,Travel_Rarely,4,0,1,11,2,0,1,Full-Time,No
EMP00197,30,Male,Research & Development,Laboratory Technician,3,Marketing,Married,3,4,2,2,8,60406,57,1,4,2,4,No,Travel_Rarely,3,5,2,26,1,2,1,Part-Time,Yes
EMP00198,35,Male,Sales,Sales Representative,3,Technical Degree,Single,3,9,7,1,15,57855,77,4,4,3,3,No,Travel_Rarely,3,5,6,7,1,1,0,Full-Time,No
EMP00199,52,Female,Research & Development,Research Director,3,Human Resources,Divorced,5,21,12,15,30,104686,66,4,1,2,3,No,Travel_Rarely,3,1,6,15,2,0,0,Full-Time,No
EMP00200,28,Male,Research & Development,Laboratory Technician,4,Marketing,Married,3,3,2,0,8,72620,78,3,4,1,3,No,Travel_Rarely,4,1,6,15,3,0,0,Full-Time,No
EMP00201,25,Female,Sales,Sales Representative,4,Human Resources,Married,1,1,0,0,2,39690,77,3,3,2,4,No,Travel_Rarely,4,1,2,3,3,0,0,Full-Time,No
EMP00202,35,Female,Sales,Sales Manager,3,Medical,Married,3,3,2,0,12,74976,58,4,4,1,2,No,Travel_Frequently,3,5,4,16,1,0,0,Full-Time,No
EMP00203,48,Male,Research & Development,Research Director,5,Other,Married,5,19,13,8,27,92643,89,4,4,4,4,Yes,Travel_Frequently,4,3,7,15,3,1,1,Full-Time,No
EMP00204,22,Male,Research & Development,Laboratory Technician,3,Marketing,Divorced,2,0,0,0,1,48727,58,2,3,3,4,No,Travel_Rarely,3,1,7,25,3,1,1,Full-Time,No
EMP00205,39,Male,Research & Development,Laboratory Technician,2,Other,Married,4,15,14,1,16,92879,87,1,4,2,3,Yes,Travel_Rarely,3,0,4,33,3,3,1,Full-Time,No
EMP00206,55,Female,Research & Development,Research Director,4,Medical,Divorced,5,9,3,2,33,95299,77,3,2,4,3,No,Travel_Rarely,4,4,4,14,2,3,1,Full-Time,No
EMP00207,38,Female,Research & Development,Healthcare Representative,2,Medical,Married,4,4,1,0,16,74592,52,4,2,4,3,Yes,Travel_Frequently,2,3,6,24,2,1,0,Full-Time,No
EMP00208,45,Female,Research & Development,Research Director,3,Other,Single,5,10,5,4,23,96456,56,4,3,4,1,No,Travel_Frequently,2,5,5,11,2,0,0,Full-Time,No
EMP00209,22,Male,Research & Development,Manufacturing Director,2,Marketing,Married,2,0,0,0,0,47330,36,4,4,3,2,No,Non-Travel,3,0,3,3,2,0,1,Full-Time,No
EMP00210,38,Female,Research & Development,Healthcare Representative,1,Other,Single,4,6,5,3,18,69744,78,4,4,3,4,No,Travel_Rarely,3,6,1,9,3,1,0,Full-Time,No
EMP00211,39,Male,Sales,Sales Representative,4,Other,Married,4,12,8,2,18,98675,83,3,3,2,3,No,Travel_Rarely,3,5,7,6,3,1,1,Full-Time,No
EMP00212,51,Female,Sales,Sales Executive,2,Life Sciences,Married,5,17,10,3,31,118719,97,3,3,2,3,Yes,Travel_Rarely,3,3,2,31,2,1,1,Full-Time,No
EMP00213,26,Male,Research & Development,Research Director,3,Marketing,Married,1,0,0,0,3,31675,71,4,2,2,3,No,Travel_Rarely,4,3,1,16,3,3,1,Full-Time,Yes
EMP00214,52,Female,Research & Development,Manufacturing Director,1,Life Sciences,Single,5,14,8,0,32,82061,88,4,4,3,3,No,Travel_Rarely,4,3,7,11,3,2,1,Contract,No
EMP00215,59,Male,Research & Development,Healthcare Representative,4,Human Resources,Single,5,31,6,21,37,113405,73,3,2,4,1,No,Travel_Rarely,3,2,3,17,4,0,0,Full-Time,No
EMP00216,58,Female,Research & Development,Research Director,3,Other,Married,5,27,18,4,36,88886,55,1,4,1,3,No,Travel_Rarely,3,4,6,3,2,0,1,Full-Time,No
EMP00217,37,Male,Research & Development,Laboratory Technician,4,Human Resources,Divorced,4,13,10,9,17,81643,52,4,3,2,3,No,Travel_Frequently,3,1,1,19,4,2,0,Full-Time,No
EMP00218,59,Female,Human Resources,Recruiter,3,Marketing,Married,5,27,14,7,36,82032,37,3,3,2,2,No,Non-Travel,3,2,6,24,3,2,0,Full-Time,No
EMP00219,20,Female,Research & Development,Research Director,2,Other,Married,2,0,0,0,0,46230,82,3,3,4,4,Yes,Travel_Rarely,3,4,1,8,1,0,1,Full-Time,No
EMP00220,30,Male,Sales,Sales Executive,3,Human Resources,Married,2,2,0,1,8,59829,43,3,4,3,2,Yes,Travel_Rarely,3,5,5,36,4,1,1,Full-Time,No
EMP00221,47,Female,Research & Development,Research Director,2,Technical Degree,Married,5,10,3,4,25,116454,36,3,3,3,3,Yes,Travel_Rarely,3,1,7,2,3,1,1,Full-Time,No
EMP00222,44,Female,Research & Development,Healthcare Representative,3,Medical,Single,4,18,5,4,21,74376,38,2,4,1,2,No,Travel_Rarely,3,6,4,23,3,1,1,Full-Time,No
EMP00223,42,Male,Research & Development,Healthcare Representative,3,Other,Married,3,21,10,9,22,64131,32,4,1,3,3,No,Travel_Rarely,3,2,5,30,3,0,1,Full-Time,No
EMP00224,50,Male,Research & Development,Research Director,5,Medical,Single,5,16,14,9,28,85292,46,2,3,1,3,No,Travel_Frequently,3,2,5,25,3,2,1,Part-Time,No
EMP00225,49,Female,Research & Development,Healthcare Representative,1,Life Sciences,Divorced,4,5,4,0,27,69192,73,2,4,3,3,No,Travel_Rarely,3,0,6,7,2,1,1,Full-Time,No
EMP00226,54,Male,Research & Development,Laboratory Technician,4,Human Resources,Single,5,10,5,0,34,125185,75,3,4,1,4,No,Travel_Rarely,3,6,1,28,1,0,1,Full-Time,No
EMP00227,26,Male,Sales,Sales Representative,2,Life Sciences,Married,1,2,1,0,6,38867,87,4,4,4,1,No,Travel_Rarely,3,6,1,17,4,1,1,Full-Time,No
EMP00228,35,Male,Research & Development,Research Director,3,Other,Single,2,9,6,0,14,53810,57,4,1,3,3,Yes,Travel_Rarely,3,2,5,32,4,1,1,Full-Time,No
EMP00229,45,Female,Sales,Sales Manager,3,Medical,Single,4,5,1,2,22,96154,43,4,1,4,3,Yes,Travel_Frequently,1,3,1,1,2,2,1,Full-Time,No
EMP00230,21,Male,Human Resources,HR Manager,5,Medical,Married,2,0,0,0,0,60961,38,4,3,3,4,No,Non-Travel,3,5,5,27,3,0,0,Full-Time,No
EMP00231,20,Female,Research & Development,Laboratory Technician,2,Human Resources,Single,1,0,0,0,0,41360,55,1,1,3,3,No,Travel_Rarely,3,6,0,36,3,3,0,Full-Time,No
EMP00232,31,Female,Sales,Sales Manager,1,Other,Single,2,7,4,1,8,41196,31,1,4,1,1,No,Travel_Rarely,3,2,7,7,2,0,1,Full-Time,No
EMP00233,24,Female,Sales,Sales Manager,3,Technical Degree,Married,2,1,0,0,2,45283,63,3,2,3,1,No,Travel_Rarely,3,3,5,3,3,1,1,Full-Time,No
EMP00234,56,Female,Research & Development,Manufacturing Director,2,Technical Degree,Single,5,28,13,2,36,109503,48,2,3,3,4,No,Travel_Frequently,3,4,2,30,3,1,1,Full-Time,No
EMP00235,51,Male,Research & Development,Research Director,2,Human Resources,Single,5,21,16,0,31,96522,68,4,1,3,4,No,Travel_Rarely,4,4,2,1,3,0,1,Full-Time,No
EMP00236,28,Female,Research & Development,Healthcare Representative,3,Other,Married,2,5,1,0,8,64379,42,3,3,4,2,No,Travel_Rarely,3,6,1,34,4,1,0,Full-Time,No
EMP00237,54,Male,Sales,Sales Representative,1,Human Resources,Married,5,23,9,17,33,109991,34,4,3,4,3,No,Travel_Frequently,3,3,5,38,1,2,0,Full-Time,No
EMP00238,38,Male,Research & Development,Laboratory Technician,1,Other,Divorced,3,10,6,1,15,83681,79,2,1,4,3,Yes,Travel_Rarely,4,0,5,36,3,1,1,Contract,No
EMP00239,35,Male,Sales,Sales Representative,4,Life Sciences,Divorced,2,9,4,5,14,45634,52,3,2,1,4,Yes,Travel_Rarely,3,0,4,33,3,1,1,Full-Time,No
EMP00240,22,Male,Research & Development,Manufacturing Director,3,Human Resources,Married,2,0,0,0,0,61534,58,3,3,3,4,Yes,Non-Travel,3,4,7,16,3,0,1,Part-Time,No
EMP00241,39,Female,Research & Development,Research Director,2,Other,Single,4,12,4,1,16,78832,55,2,4,1,4,No,Travel_Rarely,1,5,6,38,2,0,0,Full-Time,No
EMP00242,43,Female,Research & Development,Research Director,2,Technical Degree,Married,3,18,4,7,22,84721,86,3,2,3,4,No,Travel_Rarely,3,2,4,11,3,0,1,Full-Time,No
EMP00243,52,Male,Sales,Sales Representative,3,Other,Married,5,28,21,10,32,86382,30,3,3,3,4,Yes,Travel_Rarely,3,6,4,8,4,3,1,Full-Time,No
EMP00244,43,Male,Human Resources,Recruiter,2,Other,Married,3,8,4,6,22,69814,57,3,4,1,2,No,Travel_Rarely,3,6,5,1,2,2,1,Full-Time,No
EMP00245,30,Female,Research & Development,Research Scientist,3,Human Resources,Married,2,2,0,1,10,59828,91,3,4,4,4,Yes,Travel_Rarely,3,4,7,14,3,3,1,Full-Time,No
EMP00246,27,Male,Research & Development,Research Scientist,2,Life Sciences,Single,2,3,1,1,6,51183,76,1,4,3,3,No,Travel_Rarely,4,4,5,30,4,0,1,Full-Time,No
EMP00247,55,Male,Sales,Sales Manager,3,Life Sciences,Married,5,20,5,9,34,100815,88,3,4,3,4,No,Travel_Rarely,3,3,2,21,1,1,1,Full-Time,No
EMP00248,57,Male,Research & Development,Laboratory Technician,3,Life Sciences,Married,5,31,21,11,36,124915,60,2,3,1,3,No,Travel_Frequently,3,0,3,21,4,0,1,Full-Time,No
EMP00249,59,Female,Sales,Sales Executive,3,Life Sciences,Divorced,5,21,5,5,39,98826,99,1,3,3,1,No,Non-Travel,3,5,1,34,2,2,0,Full-Time,No
EMP00250,39,Female,Research & Development,Laboratory Technician,4,Marketing,Single,3,11,8,8,18,72578,78,2,1,4,3,Yes,Travel_Frequently,3,3,2,38,1,0,1,Contract,No
EMP00251,54,Male,Human Resources,Human Resources,3,Human Resources,Single,5,19,4,9,31,81586,34,2,3,3,3,No,Travel_Rarely,4,4,4,26,2,0,0,Full-Time,No
EMP00252,44,Male,Research & Development,Laboratory Technician,2,Medical,Single,5,4,1,1,21,118212,60,3,4,4,2,Yes,Travel_Rarely,3,1,2,14,1,1,1,Full-Time,Yes
EMP00253,54,Female,Sales,Sales Executive,2,Human Resources,Married,5,21,19,3,31,109189,66,1,3,1,3,Yes,Travel_Rarely,2,2,2,35,1,0,1,Part-Time,No
EMP00254,44,Female,Sales,Sales Representative,3,Marketing,Single,5,20,15,0,24,97836,44,3,4,3,3,Yes,Travel_Frequently,3,4,2,18,3,1,1,Full-Time,No
EMP00255,48,Male,Research & Development,Healthcare Representative,2,Life Sciences,Single,4,9,2,6,28,66930,81,3,4,4,3,No,Travel_Rarely,3,3,7,20,2,1,0,Full-Time,No
EMP00256,37,Female,Sales,Sales Executive,2,Marketing,Divorced,4,9,7,2,14,89375,98,3,2,3,3,No,Travel_Rarely,3,1,4,9,4,1,0,Full-Time,No
EMP00257,37,Male,Sales,Sales Representative,4,Technical Degree,Single,3,9,5,3,14,53948,40,4,4,1,2,No,Travel_Frequently,4,1,3,33,3,3,0,Part-Time,Yes
EMP00258,21,Male,Research & Development,Manufacturing Director,3,Technical Degree,Married,2,0,0,0,0,40828,72,3,3,3,4,No,Travel_Frequently,2,4,0,4,3,0,0,Full-Time,No
EMP00259,54,Female,Research & Development,Research Director,3,Human Resources,Married,5,9,6,6,32,107698,99,3,2,3,3,Yes,Travel_Rarely,3,5,1,4,3,1,0,Full-Time,No
EMP00260,35,Male,Sales,Sales Executive,3,Human Resources,Married,2,11,8,0,12,45336,52,4,4,4,1,No,Travel_Frequently,3,0,1,16,3,2,1,Full-Time,No
EMP00261,55,Female,Human Resources,Recruiter,3,Medical,Married,5,17,16,11,34,87972,69,3,3,4,3,No,Travel_Rarely,4,1,6,26,3,1,1,Part-Time,No
EMP00262,52,Male,Sales,Sales Representative,1,Medical,Divorced,5,11,4,1,30,109427,92,4,4,4,3,No,Travel_Rarely,4,6,2,6,2,0,1,Contract,No
EMP00263,23,Male,Human Resources,Recruiter,4,Technical Degree,Divorced,2,0,0,0,1,42088,31,3,3,3,1,No,Travel_Rarely,3,2,3,37,4,2,0,Full-Time,Yes
EMP00264,52,Female,Sales,Sales Manager,2,Life Sciences,Single,5,23,13,13,32,93623,76,3,3,2,3,Yes,Travel_Rarely,3,3,4,22,3,0,0,Contract,No
EMP00265,33,Male,Human Resources,Recruiter,4,Marketing,Single,2,8,1,1,12,44386,59,4,4,3,3,Yes,Travel_Rarely,2,3,0,39,1,0,0,Full-Time,Yes
EMP00266,40,Female,Research & Development,Healthcare Representative,4,Medical,Single,3,14,2,6,20,71825,45,2,3,4,3,No,Travel_Rarely,3,3,0,7,3,0,0,Full-Time,No
EMP00267,39,Male,Research & Development,Research Scientist,4,Other,Married,3,5,1,1,19,74395,88,2,3,4,3,Yes,Travel_Rarely,3,6,2,30,3,0,1,Contract,No
EMP00268,27,Male,Human Resources,Human Resources,3,Medical,Divorced,1,5,3,0,6,39948,76,2,1,1,3,Yes,Non-Travel,3,4,2,10,2,0,0,Full-Time,Yes
EMP00269,26,Male,Sales,Sales Representative,1,Life Sciences,Married,2,3,1,2,6,46925,59,3,4,3,2,No,Travel_Frequently,3,3,4,15,4,0,1,Full-Time,No
EMP00270,22,Female,Human Resources,Recruiter,3,Life Sciences,Married,1,0,0,0,1,29522,38,2,1,2,4,No,Travel_Rarely,3,6,6,6,3,0,1,Full-Time,No
EMP00271,36,Male,Research & Development,Healthcare Representative,3,Human Resources,Single,3,8,1,2,15,56028,94,3,4,2,2,No,Travel_Frequently,3,3,4,24,3,0,1,Full-Time,Yes
EMP00272,52,Female,Research & Development,Laboratory Technician,3,Marketing,Married,5,16,9,2,32,98866,88,4,3,3,3,No,Travel_Frequently,3,2,7,2,3,0,1,Part-Time,No
EMP00273,31,Male,Research & Development,Healthcare Representative,4,Life Sciences,Divorced,3,7,6,2,8,83344,93,4,3,3,2,No,Travel_Frequently,2,6,5,15,4,1,0,Part-Time,No
EMP00274,41,Female,Research & Development,Research Scientist,3,Medical,Single,3,19,9,13,21,60408,37,3,4,1,2,Yes,Travel_Frequently,2,0,4,21,2,0,1,Full-Time,Yes
EMP00275,41,Male,Sales,Sales Manager,2,Medical,Married,4,8,5,2,19,76312,81,4,2,4,3,No,Travel_Rarely,2,5,2,18,3,0,0,Part-Time,No
EMP00276,49,Female,Research & Development,Research Director,2,Technical Degree,Single,4,25,20,19,29,70234,47,3,3,4,2,No,Travel_Rarely,4,4,3,5,2,0,0,Full-Time,No
EMP00277,57,Female,Research & Development,Research Director,3,Life Sciences,Married,5,29,23,21,36,107209,87,3,4,4,3,Yes,Travel_Rarely,2,4,2,25,3,0,0,Full-Time,No
EMP00278,57,Female,Research & Development,Manufacturing Director,3,Other,Married,5,33,20,3,35,110664,78,4,4,2,2,Yes,Travel_Rarely,4,3,6,36,1,0,0,Full-Time,No
EMP00279,27,Female,Research & Development,Research Director,4,Human Resources,Single,1,2,1,0,6,38658,61,4,3,3,3,No,Travel_Rarely,3,2,2,10,1,0,1,Full-Time,No
EMP00280,46,Female,Research & Development,Research Scientist,4,Marketing,Married,5,15,7,10,23,119092,77,4,3,3,3,No,Non-Travel,3,1,0,23,4,1,1,Full-Time,No
EMP00281,46,Female,Sales,Sales Manager,4,Other,Single,4,9,8,2,23,85270,74,2,4,2,1,Yes,Travel_Frequently,4,6,7,24,3,1,1,Full-Time,Yes
EMP00282,53,Male,Sales,Sales Representative,4,Human Resources,Married,5,26,10,0,31,85302,83,3,4,3,4,No,Travel_Frequently,3,3,4,10,2,3,1,Full-Time,No
EMP00283,40,Male,Sales,Sales Manager,4,Medical,Married,3,3,1,0,17,62666,75,4,4,4,2,No,Travel_Rarely,3,6,1,6,3,1,1,Full-Time,No
EMP00284,49,Female,Sales,Sales Manager,1,Other,Single,5,16,3,7,26,109852,60,3,3,1,2,No,Travel_Rarely,3,3,4,13,3,1,1,Full-Time,No
EMP00285,52,Female,Research & Development,Research Director,4,Human Resources,Married,5,15,12,9,32,107560,66,3,4,4,3,No,Travel_Rarely,4,4,5,21,2,0,1,Full-Time,No
EMP00286,47,Female,Sales,Sales Manager,2,Medical,Married,5,12,6,1,27,103741,45,3,3,4,3,No,Travel_Frequently,3,4,3,32,2,2,1,Full-Time,No
EMP00287,52,Male,Human Resources,Human Resources,2,Medical,Married,5,20,7,1,29,110807,75,4,1,4,3,No,Travel_Rarely,3,3,3,15,4,0,1,Full-Time,No
EMP00288,24,Male,Research & Development,Healthcare Representative,3,Medical,Single,2,0,0,0,1,56097,75,2,3,4,2,No,Travel_Rarely,3,4,4,2,3,1,1,Full-Time,No
EMP00289,38,Male,Research & Development,Healthcare Representative,3,Medical,Married,3,12,11,7,18,81311,90,3,1,3,4,Yes,Travel_Rarely,3,2,4,15,3,0,1,Full-Time,Yes
EMP00290,23,Female,Research & Development,Research Scientist,1,Medical,Divorced,2,0,0,0,0,54864,75,1,1,4,3,Yes,Travel_Rarely,3,1,2,17,4,1,0,Full-Time,Yes
EMP00291,54,Male,Sales,Sales Executive,2,Technical Degree,Single,5,12,7,7,31,115254,80,3,2,3,2,No,Travel_Frequently,3,1,1,20,3,3,0,Part-Time,No
EMP00292,36,Male,Research & Development,Healthcare Representative,1,Other,Single,3,9,6,3,15,61384,91,4,1,4,3,No,Travel_Rarely,3,6,6,6,2,3,1,Full-Time,No
EMP00293,47,Male,Research & Development,Manufacturing Director,5,Human Resources,Single,5,13,7,7,24,110585,64,1,3,2,4,No,Non-Travel,3,1,2,15,2,0,1,Full-Time,No
EMP00294,49,Male,Research & Development,Healthcare Representative,1,Technical Degree,Married,5,5,2,1,27,121002,71,3,1,2,3,No,Travel_Frequently,3,6,7,17,3,0,1,Contract,No
EMP00295,48,Male,Research & Development,Research Scientist,2,Technical Degree,Single,4,17,15,3,27,81343,74,3,2,3,2,Yes,Travel_Frequently,4,3,0,26,4,2,1,Full-Time,Yes
EMP00296,25,Male,Human Resources,HR Manager,3,Life Sciences,Married,1,2,0,1,3,40905,97,1,1,2,3,Yes,Travel_Frequently,4,5,7,22,1,1,0,Contract,Yes
EMP00297,54,Female,Human Resources,HR Manager,3,Life Sciences,Married,5,20,10,6,31,112752,76,3,1,3,2,No,Travel_Rarely,2,3,0,9,2,1,1,Full-Time,No
EMP00298,56,Male,Research & Development,Research Director,5,Life Sciences,Married,5,28,13,21,36,81817,59,2,2,3,3,No,Travel_Rarely,3,3,7,12,4,1,1,Full-Time,No
EMP00299,43,Male,Research & Development,Research Director,1,Marketing,Married,3,14,8,3,22,71867,53,3,3,4,4,No,Travel_Rarely,4,2,3,22,2,1,1,Full-Time,No
EMP00300,48,Male,Research & Development,Research Scientist,3,Life Sciences,Married,4,7,3,5,28,71377,95,3,4,3,3,No,Non-Travel,2,1,3,23,3,3,0,Full-Time,No
EMP00301,50,Male,Sales,Sales Executive,4,Human Resources,Married,5,8,4,5,29,124030,72,4,4,3,3,No,Travel_Rarely,1,4,1,37,2,1,1,Part-Time,No
EMP00302,54,Male,Research & Development,Manufacturing Director,5,Technical Degree,Single,5,23,7,4,34,116780,63,4,4,2,4,Yes,Non-Travel,4,4,3,14,3,1,0,Contract,No
EMP00303,52,Male,Sales,Sales Representative,3,Human Resources,Single,5,13,7,8,31,84152,52,3,2,3,3,No,Travel_Rarely,3,0,5,24,3,1,1,Contract,No
EMP00304,40,Female,Research & Development,Research Director,4,Other,Divorced,4,5,1,1,19,71048,90,1,2,3,3,No,Travel_Frequently,3,0,7,8,2,2,1,Part-Time,Yes
EMP00305,51,Male,Research & Development,Healthcare Representative,1,Life Sciences,Single,4,15,5,11,29,89484,66,4,1,4,2,No,Travel_Rarely,3,6,0,26,3,1,0,Part-Time,No
EMP00306,42,Female,Sales,Sales Representative,3,Marketing,Married,3,14,3,5,22,64414,42,3,4,1,3,Yes,Travel_Frequently,4,5,1,32,3,1,1,Full-Time,No
EMP00307,52,Female,Human Resources,Recruiter,3,Other,Divorced,5,13,10,7,30,80673,36,1,1,2,3,No,Travel_Rarely,3,6,0,28,3,3,1,Part-Time,Yes
EMP00308,22,Female,Human Resources,Recruiter,4,Marketing,Single,1,0,0,0,0,36987,71,4,3,3,3,No,Travel_Rarely,4,4,4,32,3,1,0,Full-Time,No
EMP00309,37,Male,Research & Development,Healthcare Representative,2,Other,Married,3,12,8,2,17,65767,67,2,2,3,4,Yes,Travel_Rarely,3,1,4,22,3,0,1,Full-Time,No
EMP00310,44,Male,Research & Development,Laboratory Technician,2,Technical Degree,Married,5,10,7,1,23,83750,81,3,2,3,4,No,Travel_Rarely,3,6,1,9,3,1,0,Full-Time,No
EMP00311,50,Male,Research & Development,Healthcare Representative,3,Human Resources,Divorced,5,22,16,7,28,116339,73,3,4,4,3,No,Travel_Rarely,3,3,2,3,3,1,0,Part-Time,No
EMP00312,22,Male,Sales,Sales Representative,1,Medical,Divorced,2,1,0,0,2,62761,93,3,4,2,3,Yes,Travel_Frequently,3,4,5,25,3,0,1,Full-Time,No
EMP00313,59,Female,Research & Development,Research Scientist,2,Human Resources,Married,5,26,13,12,38,114231,42,4,4,3,3,No,Non-Travel,3,5,6,39,3,1,1,Part-Time,No
EMP00314,43,Male,Sales,Sales Representative,5,Life Sciences,Single,3,13,6,7,21,79456,57,3,3,3,2,No,Travel_Frequently,3,5,5,12,3,1,1,Full-Time,No
EMP00315,51,Male,Research & Development,Manufacturing Director,3,Medical,Married,4,6,4,1,29,74743,30,1,4,2,2,No,Travel_Rarely,4,4,7,29,2,1,0,Full-Time,Yes
EMP00316,41,Female,Sales,Sales Representative,3,Marketing,Married,4,14,8,5,19,76579,72,4,3,4,3,No,Travel_Frequently,3,0,6,3,2,2,1,Contract,No
EMP00317,42,Female,Human Resources,Recruiter,4,Technical Degree,Married,4,10,8,0,21,74432,71,4,4,3,3,No,Travel_Rarely,3,1,3,23,2,1,1,Full-Time,No
EMP00318,21,Male,Human Resources,Recruiter,3,Technical Degree,Single,1,0,0,0,0,40673,79,3,2,3,4,Yes,Travel_Frequently,3,4,6,23,4,3,0,Contract,Yes
EMP00319,46,Male,Sales,Sales Executive,2,Marketing,Single,4,21,7,16,25,103268,89,3,3,4,2,Yes,Travel_Rarely,3,3,1,18,3,0,1,Full-Time,No
EMP00320,21,Male,Research & Development,Manufacturing Director,2,Life Sciences,Married,1,0,0,0,0,39877,30,1,3,2,3,Yes,Travel_Rarely,3,3,5,11,3,0,0,Full-Time,Yes
EMP00321,45,Male,Human Resources,Recruiter,3,Marketing,Married,5,9,6,0,23,120038,80,4,3,4,3,No,Travel_Frequently,3,2,6,36,2,0,0,Part-Time,No
EMP00322,36,Male,Research & Development,Healthcare Representative,3,Other,Single,3,4,1,0,13,73669,45,1,4,3,3,No,Travel_Rarely,4,3,3,26,2,1,1,Full-Time,No
EMP00323,59,Male,Research & Development,Healthcare Representative,3,Life Sciences,Married,5,18,3,9,39,97076,68,1,4,3,4,Yes,Travel_Rarely,3,4,0,8,4,0,1,Full-Time,No
EMP00324,52,Male,Research & Development,Research Director,1,Medical,Divorced,5,17,15,8,30,98847,44,3,3,4,4,No,Travel_Frequently,3,4,6,28,4,0,0,Full-Time,No
EMP00325,28,Male,Research & Development,Research Scientist,3,Marketing,Married,3,3,1,1,8,55922,62,2,3,4,2,No,Travel_Rarely,3,3,2,18,2,1,1,Full-Time,No
EMP00326,58,Male,Sales,Sales Manager,5,Life Sciences,Single,5,23,21,4,38,80512,82,1,3,3,2,Yes,Travel_Rarely,3,0,3,13,3,0,0,Full-Time,No
EMP00327,48,Male,Sales,Sales Executive,4,Medical,Single,4,9,6,5,28,93423,46,3,4,4,2,No,Travel_Rarely,3,1,4,36,3,1,1,Full-Time,Yes
EMP00328,45,Male,Research & Development,Healthcare Representative,4,Marketing,Single,4,21,17,11,22,83398,35,1,3,3,3,No,Travel_Frequently,1,5,6,12,2,2,0,Contract,No
EMP00329,54,Female,Research & Development,Laboratory Technician,4,Technical Degree,Divorced,5,9,3,2,33,104728,60,2,1,3,3,No,Travel_Rarely,4,4,4,22,3,2,1,Full-Time,No
EMP00330,44,Female,Research & Development,Research Director,3,Marketing,Married,4,19,7,8,21,88048,98,1,3,1,3,No,Travel_Rarely,2,3,0,2,3,0,0,Full-Time,No
EMP00331,43,Male,Research & Development,Research Director,4,Human Resources,Married,3,18,11,2,20,62287,69,2,1,1,3,No,Travel_Rarely,3,5,1,28,3,1,1,Contract,No
EMP00332,32,Male,Research & Development,Healthcare Representative,2,Marketing,Married,2,7,2,2,12,52221,59,4,4,4,3,No,Travel_Frequently,2,3,3,13,1,0,1,Part-Time,No
EMP00333,26,Male,Research & Development,Healthcare Representative,4,Human Resources,Married,2,3,1,2,4,52098,98,4,2,1,3,No,Travel_Frequently,3,4,6,33,2,2,0,Full-Time,Yes
EMP00334,55,Female,Human Resources,Recruiter,3,Medical,Married,5,18,8,6,34,97111,36,3,3,2,3,No,Travel_Rarely,2,2,6,3,2,2,0,Full-Time,No
EMP00335,39,Female,Research & Development,Laboratory Technician,1,Marketing,Married,3,13,4,8,19,79401,42,3,4,4,3,No,Travel_Rarely,3,1,0,34,2,0,1,Full-Time,No
EMP00336,20,Male,Research & Development,Laboratory Technician,4,Medical,Single,1,0,0,0,0,35494,33,1,1,1,1,Yes,Travel_Rarely,3,4,6,23,3,0,0,Full-Time,Yes
EMP00337,27,Female,Research & Development,Research Scientist,5,Medical,Single,1,1,0,0,4,38010,79,1,2,2,3,No,Travel_Rarely,2,5,4,32,2,0,1,Full-Time,Yes
EMP00338,35,Male,Research & Development,Research Director,2,Life Sciences,Married,2,9,3,4,14,62292,32,2,3,3,3,No,Travel_Rarely,3,3,6,20,3,0,1,Full-Time,Yes
EMP00339,33,Male,Human Resources,Human Resources,4,Medical,Divorced,3,7,1,2,12,80836,41,3,2,3,3,Yes,Travel_Frequently,4,2,7,28,3,1,1,Full-Time,Yes
EMP00340,31,Female,Sales,Sales Executive,1,Medical,Single,3,5,3,1,9,81598,94,4,2,4,4,No,Travel_Rarely,3,6,6,8,3,1,1,Full-Time,No
EMP00341,42,Female,Sales,Sales Representative,3,Marketing,Divorced,3,9,8,0,22,62055,56,3,4,3,4,Yes,Non-Travel,4,4,4,3,3,0,1,Full-Time,No
EMP00342,34,Female,Research & Development,Research Director,3,Marketing,Married,2,6,2,2,13,41639,79,3,4,3,4,No,Travel_Rarely,4,1,4,30,3,1,1,Full-Time,No
EMP00343,47,Female,Research & Development,Research Scientist,3,Technical Degree,Single,5,6,1,0,26,91189,46,1,4,4,3,Yes,Travel_Rarely,4,2,2,25,2,3,1,Full-Time,No
EMP00344,53,Male,Research & Development,Research Scientist,5,Life Sciences,Single,5,7,4,0,30,92009,61,4,4,3,3,Yes,Travel_Rarely,4,5,2,30,2,1,1,Full-Time,No
EMP00345,21,Female,Human Resources,Recruiter,4,Medical,Single,2,0,0,0,0,62624,80,3,2,3,3,No,Travel_Rarely,3,3,4,29,1,0,0,Full-Time,Yes
EMP00346,51,Male,Sales,Sales Executive,4,Life Sciences,Married,4,7,5,1,30,91620,46,4,2,4,2,No,Travel_Rarely,4,0,5,30,2,1,1,Full-Time,No
EMP00347,42,Female,Human Resources,Human Resources,2,Human Resources,Single,4,6,4,4,22,69486,63,3,2,3,2,Yes,Travel_Rarely,4,6,1,34,2,1,1,Full-Time,Yes
EMP00348,41,Male,Research & Development,Laboratory Technician,5,Medical,Married,3,17,7,5,20,57814,64,4,4,3,1,No,Travel_Frequently,4,6,2,25,1,2,1,Full-Time,No
EMP00349,44,Female,Research & Development,Laboratory Technician,1,Life Sciences,Married,4,5,3,3,23,72371,53,4,3,1,2,Yes,Travel_Rarely,1,1,3,17,3,0,0,Full-Time,Yes
EMP00350,41,Male,Research & Development,Manufacturing Director,4,Technical Degree,Married,4,13,3,5,19,90886,83,4,2,3,3,No,Travel_Rarely,4,2,2,24,4,0,1,Full-Time,No
EMP00351,41,Female,Human Resources,Human Resources,3,Technical Degree,Single,4,8,5,4,21,94981,47,3,3,1,4,No,Travel_Rarely,3,4,3,38,2,1,1,Full-Time,No
EMP00352,25,Male,Sales,Sales Manager,1,Medical,Married,1,2,1,0,3,42234,79,3,3,3,2,Yes,Travel_Frequently,3,4,2,28,4,1,1,Part-Time,No
EMP00353,34,Female,Research & Development,Manufacturing Director,4,Human Resources,Married,2,8,7,6,14,63375,75,2,3,4,4,No,Travel_Frequently,2,2,4,33,2,1,1,Full-Time,No
EMP00354,56,Male,Research & Development,Laboratory Technician,2,Technical Degree,Married,5,16,6,6,36,88429,77,4,4,3,2,Yes,Travel_Rarely,3,4,6,36,3,0,0,Full-Time,No
EMP00355,52,Male,Research & Development,Manufacturing Director,2,Technical Degree,Married,5,19,4,12,32,93454,62,3,3,2,2,Yes,Non-Travel,4,6,3,7,3,1,0,Full-Time,No
EMP00356,27,Male,Research & Development,Healthcare Representative,3,Human Resources,Single,1,2,1,0,5,32015,56,1,4,4,3,No,Non-Travel,3,6,7,23,4,0,1,Full-Time,Yes
EMP00357,24,Male,Sales,Sales Manager,1,Life Sciences,Married,1,1,0,0,2,33969,30,3,3,2,3,No,Travel_Rarely,3,6,6,26,2,0,1,Full-Time,Yes
EMP00358,58,Female,Sales,Sales Executive,2,Technical Degree,Married,5,10,8,5,36,121581,88,1,4,4,1,No,Travel_Rarely,4,2,6,14,2,1,1,Full-Time,No
EMP00359,23,Male,Research & Development,Research Scientist,1,Marketing,Married,2,0,0,0,0,54602,39,3,4,3,2,No,Travel_Rarely,2,1,1,28,1,0,1,Full-Time,No
EMP00360,25,Female,Research & Development,Research Director,3,Other,Married,2,1,0,0,3,58516,54,3,4,2,3,No,Travel_Rarely,3,6,2,24,3,0,1,Full-Time,No
EMP00361,51,Male,Sales,Sales Executive,1,Other,Married,5,13,7,2,28,101840,86,2,1,4,2,No,Travel_Rarely,3,4,2,7,4,1,0,Full-Time,No
EMP00362,49,Male,Sales,Sales Executive,4,Technical Degree,Single,5,19,8,9,26,80391,95,1,2,2,3,No,Non-Travel,3,1,4,36,3,1,1,Full-Time,No
EMP00363,54,Female,Human Resources,Recruiter,2,Life Sciences,Married,5,15,13,11,31,82035,44,4,3,4,3,No,Travel_Rarely,3,3,3,39,3,0,0,Full-Time,No
EMP00364,59,Female,Sales,Sales Representative,5,Life Sciences,Married,5,32,18,11,38,104063,57,4,3,1,2,No,Travel_Rarely,3,3,5,15,3,1,1,Full-Time,No
EMP00365,35,Male,Human Resources,HR Manager,4,Medical,Married,3,7,5,4,14,76191,42,4,3,2,4,No,Travel_Rarely,2,3,4,3,4,0,1,Full-Time,No
EMP00366,32,Male,Research & Development,Laboratory Technician,2,Marketing,Single,2,8,5,3,11,45967,43,3,4,2,2,No,Non-Travel,3,3,6,2,3,0,0,Full-Time,No
EMP00367,49,Female,Research & Development,Research Scientist,4,Life Sciences,Divorced,4,7,5,2,26,94454,95,4,1,1,3,No,Travel_Rarely,4,4,3,7,2,1,1,Part-Time,No
EMP00368,38,Male,Sales,Sales Representative,4,Human Resources,Married,4,13,6,9,15,97915,63,3,3,4,3,No,Travel_Frequently,3,2,2,16,4,0,0,Full-Time,No
EMP00369,36,Female,Sales,Sales Manager,5,Marketing,Single,3,12,10,8,16,66524,54,2,2,3,4,No,Travel_Rarely,3,4,2,21,2,3,0,Full-Time,No
EMP00370,38,Female,Research & Development,Healthcare Representative,3,Other,Married,3,5,2,3,15,77062,83,1,4,4,3,No,Travel_Frequently,2,5,2,9,1,0,0,Full-Time,No
EMP00371,47,Female,Research & Development,Laboratory Technician,1,Marketing,Married,4,8,5,1,26,82057,41,2,4,2,3,No,Travel_Rarely,4,4,2,12,2,2,1,Full-Time,No
EMP00372,45,Male,Research & Development,Healthcare Representative,3,Human Resources,Married,5,9,3,3,22,110593,38,1,3,3,2,No,Travel_Rarely,4,1,7,29,3,2,0,Full-Time,Yes
EMP00373,56,Female,Sales,Sales Representative,3,Technical Degree,Married,5,32,18,5,33,114575,60,4,1,3,3,No,Travel_Rarely,3,2,0,24,3,3,1,Full-Time,No
EMP00374,45,Male,Research & Development,Laboratory Technician,3,Human Resources,Divorced,4,10,4,3,25,104985,82,1,4,3,3,No,Travel_Frequently,3,6,2,33,2,0,1,Full-Time,No
EMP00375,42,Male,Research & Development,Healthcare Representative,3,Human Resources,Single,3,10,4,3,19,64429,72,3,3,3,3,No,Travel_Rarely,3,0,2,14,3,2,0,Full-Time,No
EMP00376,28,Male,Research & Development,Manufacturing Director,4,Technical Degree,Married,2,1,0,0,6,50664,67,3,3,3,4,No,Travel_Rarely,3,0,5,18,3,3,1,Full-Time,No
EMP00377,31,Male,Research & Development,Healthcare Representative,5,Technical Degree,Divorced,2,5,1,3,11,44774,71,2,4,1,1,No,Travel_Rarely,3,6,5,5,4,0,1,Full-Time,Yes
EMP00378,20,Female,Research & Development,Healthcare Representative,2,Technical Degree,Divorced,1,0,0,0,0,31417,77,3,4,4,4,No,Travel_Frequently,3,2,3,15,3,1,1,Full-Time,No
EMP00379,20,Female,Research & Development,Research Scientist,1,Technical Degree,Married,1,0,0,0,0,39491,96,1,3,4,4,Yes,Travel_Frequently,3,0,6,7,3,0,0,Full-Time,Yes
EMP00380,53,Female,Sales,Sales Manager,2,Technical Degree,Divorced,5,20,4,13,33,121692,95,4,3,3,3,Yes,Travel_Rarely,4,2,2,25,3,1,0,Full-Time,No
EMP00381,51,Male,Research & Development,Research Director,4,Human Resources,Single,4,23,17,3,28,81689,45,2,2,2,3,No,Travel_Rarely,2,1,2,14,2,1,1,Full-Time,No
EMP00382,44,Male,Sales,Sales Manager,4,Medical,Divorced,4,14,5,6,23,73313,45,3,3,2,3,No,Travel_Rarely,4,1,7,36,2,0,1,Contract,No
EMP00383,59,Male,Research & Development,Research Scientist,3,Medical,Single,5,8,1,0,37,92307,60,4,3,3,4,No,Travel_Frequently,3,4,3,35,3,2,1,Part-Time,No
EMP00384,20,Female,Research & Development,Research Director,3,Life Sciences,Single,1,0,0,0,0,35558,87,4,2,2,2,Yes,Travel_Rarely,3,0,6,24,1,0,1,Contract,Yes
EMP00385,35,Male,Sales,Sales Representative,3,Medical,Single,2,9,8,7,14,47775,57,4,1,2,3,No,Travel_Frequently,3,6,2,15,2,2,1,Full-Time,No
EMP00386,58,Female,Research & Development,Research Director,3,Other,Married,5,33,6,2,35,89911,33,3,2,4,3,No,Travel_Rarely,3,2,7,11,3,0,0,Full-Time,No
EMP00387,24,Male,Sales,Sales Manager,3,Medical,Single,1,0,0,0,1,40193,39,3,2,3,4,No,Travel_Rarely,3,1,2,24,2,1,1,Full-Time,No
EMP00388,41,Male,Research & Development,Healthcare Representative,4,Human Resources,Single,4,7,4,1,19,66605,80,3,3,3,3,No,Travel_Frequently,3,4,4,11,2,0,1,Full-Time,Yes
EMP00389,48,Female,Human Resources,Recruiter,5,Technical Degree,Single,4,9,8,6,25,87329,47,4,3,2,3,No,Travel_Rarely,2,0,0,17,3,0,1,Full-Time,No
EMP00390,22,Male,Sales,Sales Representative,5,Technical Degree,Single,2,0,0,0,0,59850,76,4,3,4,2,No,Travel_Frequently,3,0,3,6,3,1,0,Full-Time,No
EMP00391,31,Female,Human Resources,Human Resources,5,Human Resources,Married,2,8,5,1,9,47189,61,1,3,2,3,Yes,Travel_Rarely,3,0,4,21,4,0,1,Full-Time,Yes
EMP00392,45,Female,Research & Development,Research Scientist,3,Other,Married,4,21,15,1,24,89828,59,3,3,4,2,No,Travel_Frequently,3,1,5,8,3,1,1,Full-Time,No
EMP00393,35,Male,Sales,Sales Executive,3,Medical,Single,3,10,7,5,13,74620,65,4,4,4,4,No,Travel_Rarely,4,1,6,15,3,3,1,Full-Time,No
EMP00394,56,Male,Sales,Sales Representative,4,Human Resources,Married,5,16,15,4,33,109508,38,3,3,4,3,No,Travel_Rarely,3,0,1,32,3,0,1,Full-Time,No
EMP00395,41,Male,Research & Development,Research Scientist,5,Life Sciences,Divorced,4,10,8,5,18,83688,65,2,4,4,3,Yes,Travel_Rarely,3,1,1,10,2,2,1,Full-Time,No
EMP00396,48,Female,Research & Development,Research Director,2,Technical Degree,Married,5,16,3,0,28,95165,58,3,3,3,3,No,Travel_Rarely,2,0,5,28,2,0,1,Full-Time,No
EMP00397,33,Male,Research & Development,Manufacturing Director,3,Marketing,Single,3,4,2,0,10,79881,45,3,3,2,3,No,Travel_Rarely,3,3,0,15,3,0,0,Full-Time,No
EMP00398,47,Female,Sales,Sales Manager,2,Life Sciences,Married,4,16,8,8,27,95879,50,4,1,2,2,No,Travel_Frequently,3,1,6,12,3,0,0,Full-Time,No
EMP00399,24,Female,Sales,Sales Representative,3,Other,Single,1,0,0,0,2,33350,93,3,3,2,2,No,Travel_Rarely,3,2,6,18,3,3,1,Full-Time,No
EMP00400,49,Female,Research & Development,Research Scientist,3,Life Sciences,Single,4,7,3,4,26,70317,95,2,4,1,2,Yes,Travel_Rarely,3,1,7,37,3,0,1,Full-Time,No
EMP00401,24,Male,Sales,Sales Manager,3,Human Resources,Single,1,2,1,0,3,29234,88,2,4,3,3,No,Travel_Frequently,2,0,1,24,2,2,1,Full-Time,Yes
EMP00402,31,Female,Sales,Sales Executive,1,Medical,Married,3,8,4,1,10,56519,57,1,4,2,2,No,Travel_Rarely,3,2,0,37,3,3,1,Full-Time,No
EMP00403,35,Female,Sales,Sales Executive,3,Technical Degree,Single,2,7,6,5,14,54788,84,3,2,4,3,No,Travel_Rarely,3,4,1,29,3,0,1,Full-Time,No
EMP00404,45,Male,Research & Development,Research Scientist,4,Other,Single,4,14,3,4,23,68314,60,3,3,3,3,No,Travel_Rarely,3,2,1,10,3,1,0,Contract,No
EMP00405,45,Male,Human Resources,Human Resources,2,Other,Single,5,11,10,6,23,94717,62,2,3,3,3,No,Travel_Frequently,1,2,6,14,3,2,1,Full-Time,No
EMP00406,40,Female,Research & Development,Manufacturing Director,4,Marketing,Divorced,4,15,8,2,20,95674,89,3,3,4,2,No,Travel_Rarely,4,1,7,16,4,0,1,Full-Time,No
EMP00407,58,Male,Human Resources,HR Manager,3,Life Sciences,Married,5,30,20,14,37,92737,70,4,2,2,2,No,Travel_Rarely,2,5,4,37,4,0,1,Full-Time,No
EMP00408,55,Female,Research & Development,Research Director,4,Marketing,Single,5,28,24,16,35,114543,75,2,4,4,2,Yes,Travel_Frequently,4,2,6,11,4,0,1,Full-Time,No
EMP00409,52,Male,Research & Development,Research Scientist,2,Medical,Married,5,24,11,6,32,113714,78,2,4,4,3,No,Travel_Frequently,3,2,1,26,1,2,1,Full-Time,No
EMP00410,49,Male,Sales,Sales Manager,5,Medical,Married,5,9,4,5,26,90480,94,4,3,2,2,Yes,Travel_Rarely,3,6,6,19,2,2,1,Full-Time,No
EMP00411,56,Female,Research & Development,Laboratory Technician,3,Marketing,Married,5,15,7,7,33,112940,71,3,2,3,4,Yes,Travel_Rarely,3,0,5,18,1,0,0,Full-Time,No
EMP00412,42,Male,Human Resources,HR Manager,5,Technical Degree,Single,4,12,5,3,21,95463,52,4,1,3,3,No,Travel_Frequently,4,1,0,30,2,0,1,Full-Time,No
EMP00413,29,Male,Research & Development,Manufacturing Director,5,Medical,Divorced,2,3,2,1,7,50338,56,3,3,4,2,No,Non-Travel,3,0,2,32,3,3,1,Full-Time,No
EMP00414,24,Male,Research & Development,Manufacturing Director,2,Marketing,Single,1,0,0,0,1,31521,61,4,2,3,3,No,Travel_Frequently,3,1,6,23,3,0,1,Full-Time,No
EMP00415,55,Male,Research & Development,Manufacturing Director,1,Life Sciences,Married,5,15,4,1,33,103289,32,4,4,3,3,Yes,Travel_Rarely,3,4,6,12,3,1,1,Full-Time,No
EMP00416,53,Male,Sales,Sales Manager,2,Marketing,Single,5,10,2,3,33,121894,89,3,3,4,3,No,Travel_Rarely,4,5,2,13,4,0,0,Part-Time,No
EMP00417,50,Male,Human Resources,Human Resources,3,Marketing,Married,4,15,8,4,30,91245,46,4,3,2,2,No,Travel_Rarely,3,2,2,21,4,2,0,Full-Time,No
EMP00418,29,Female,Research & Development,Research Scientist,2,Human Resources,Married,2,8,2,2,9,44950,61,4,3,4,2,Yes,Travel_Rarely,3,6,0,21,2,3,0,Full-Time,Yes
EMP00419,38,Male,Research & Development,Laboratory Technician,2,Medical,Married,3,6,4,3,18,75056,36,3,1,4,2,No,Non-Travel,2,1,7,29,4,0,0,Full-Time,No
EMP00420,51,Female,Research & Development,Healthcare Representative,3,Technical Degree,Single,5,20,6,7,30,98914,98,2,4,4,3,No,Travel_Rarely,3,2,0,29,3,0,1,Full-Time,No
EMP00421,20,Male,Research & Development,Healthcare Representative,1,Technical Degree,Married,1,0,0,0,0,37810,87,3,3,4,3,Yes,Non-Travel,3,2,2,27,3,1,0,Full-Time,Yes
EMP00422,24,Female,Sales,Sales Executive,2,Human Resources,Single,1,0,0,0,1,40162,69,4,4,3,3,No,Travel_Rarely,3,3,5,29,3,0,1,Part-Time,No
EMP00423,23,Male,Research & Development,Laboratory Technician,3,Other,Married,1,1,0,0,3,36546,77,3,3,4,4,No,Travel_Rarely,3,0,1,15,1,0,0,Full-Time,No
EMP00424,35,Female,Sales,Sales Representative,1,Technical Degree,Married,3,9,6,5,13,79190,80,2,4,3,1,No,Travel_Frequently,2,5,2,12,4,1,1,Full-Time,No
EMP00425,43,Male,Research & Development,Healthcare Representative,3,Marketing,Married,3,12,7,5,20,76297,86,1,1,3,1,Yes,Travel_Rarely,3,6,3,19,3,0,1,Contract,No
EMP00426,35,Male,Research & Development,Healthcare Representative,3,Human Resources,Married,2,11,10,4,13,55561,66,3,3,2,3,No,Travel_Rarely,3,1,6,12,4,0,0,Contract,No
EMP00427,21,Male,Research & Development,Manufacturing Director,3,Life Sciences,Married,2,0,0,0,0,44419,84,2,4,4,2,No,Travel_Rarely,3,4,0,23,4,2,1,Full-Time,No
EMP00428,47,Male,Research & Development,Research Scientist,4,Medical,Married,4,6,2,1,26,98902,70,3,4,4,2,No,Travel_Rarely,2,5,3,5,3,1,1,Full-Time,No
EMP00429,51,Male,Research & Development,Research Scientist,3,Medical,Married,4,28,6,6,30,102800,49,4,4,4,3,Yes,Travel_Rarely,2,3,3,26,1,0,0,Full-Time,No
EMP00430,46,Male,Sales,Sales Manager,3,Medical,Single,5,12,10,9,24,85418,62,3,2,1,2,No,Travel_Rarely,2,0,0,10,2,1,1,Full-Time,Yes
EMP00431,39,Female,Research & Development,Manufacturing Director,3,Marketing,Married,3,11,10,2,17,68929,69,1,4,4,3,No,Non-Travel,4,4,7,22,2,2,0,Part-Time,Yes
EMP00432,43,Male,Sales,Sales Manager,4,Life Sciences,Married,4,19,16,13,23,76396,63,2,4,4,2,Yes,Travel_Rarely,3,4,6,39,2,1,0,Full-Time,No
EMP00433,31,Male,Research & Development,Research Scientist,4,Human Resources,Married,2,3,0,1,8,58908,91,2,1,3,3,No,Travel_Rarely,2,2,2,23,4,0,1,Full-Time,No
EMP00434,54,Female,Sales,Sales Executive,4,Human Resources,Single,5,26,25,7,34,112605,48,2,4,2,4,No,Travel_Frequently,3,0,5,11,2,0,0,Full-Time,No
EMP00435,52,Female,Sales,Sales Manager,4,Medical,Married,5,9,3,3,31,85601,72,3,2,3,2,Yes,Non-Travel,3,3,4,28,4,2,1,Full-Time,No
EMP00436,52,Male,Research & Development,Laboratory Technician,2,Life Sciences,Married,5,13,10,8,31,119831,98,3,3,1,4,No,Non-Travel,3,1,7,31,3,2,0,Full-Time,No
EMP00437,56,Male,Sales,Sales Manager,2,Life Sciences,Divorced,5,11,10,7,36,87465,92,2,2,3,3,No,Travel_Rarely,3,1,7,8,2,1,0,Full-Time,No
EMP00438,31,Male,Research & Development,Manufacturing Director,1,Life Sciences,Married,3,6,2,0,8,78663,39,1,4,2,4,Yes,Travel_Rarely,3,3,3,39,3,0,1,Full-Time,No
EMP00439,22,Female,Sales,Sales Manager,5,Technical Degree,Married,1,0,0,0,0,35590,42,2,1,2,2,No,Travel_Rarely,3,2,2,28,3,1,1,Full-Time,No
EMP00440,20,Female,Sales,Sales Manager,4,Technical Degree,Divorced,1,0,0,0,0,33466,34,4,3,2,3,No,Travel_Frequently,2,2,4,16,3,2,1,Full-Time,No
EMP00441,52,Male,Research & Development,Research Scientist,4,Medical,Single,5,29,28,0,31,86408,87,3,3,2,3,Yes,Non-Travel,3,4,6,31,3,0,0,Full-Time,No
EMP00442,59,Female,Sales,Sales Representative,3,Life Sciences,Single,5,22,9,10,36,86844,88,4,2,1,3,No,Travel_Rarely,4,0,3,16,1,0,1,Full-Time,No
EMP00443,29,Female,Sales,Sales Manager,4,Other,Married,2,5,4,3,8,56685,88,4,3,4,3,No,Travel_Rarely,4,4,2,5,3,1,1,Full-Time,No
EMP00444,48,Male,Research & Development,Research Director,2,Life Sciences,Married,4,14,3,4,25,87766,44,3,1,3,3,No,Travel_Rarely,2,6,3,35,3,2,1,Full-Time,No
EMP00445,32,Female,Sales,Sales Representative,1,Human Resources,Divorced,2,4,3,2,9,43730,30,4,4,3,4,No,Travel_Rarely,3,6,7,25,3,0,1,Full-Time,No
EMP00446,31,Male,Research & Development,Healthcare Representative,3,Human Resources,Married,2,4,2,2,8,43504,67,2,4,3,3,No,Travel_Rarely,3,1,2,13,4,1,1,Full-Time,No
EMP00447,50,Male,Sales,Sales Manager,3,Medical,Single,5,20,11,6,30,82412,82,3,4,3,2,No,Travel_Frequently,4,3,7,29,2,1,0,Full-Time,No
EMP00448,21,Male,Sales,Sales Representative,3,Other,Married,1,0,0,0,1,40322,81,2,4,4,3,No,Travel_Rarely,3,0,6,27,1,1,0,Full-Time,No
EMP00449,54,Male,Research & Development,Laboratory Technician,4,Life Sciences,Single,5,32,24,18,34,112152,30,4,3,2,3,No,Travel_Rarely,3,3,5,17,3,1,0,Full-Time,No
EMP00450,42,Male,Sales,Sales Executive,2,Other,Single,3,16,5,10,19,55390,40,1,2,2,3,No,Travel_Rarely,2,0,6,37,4,1,1,Full-Time,No
EMP00451,36,Female,Sales,Sales Manager,3,Medical,Married,3,11,7,6,13,71198,87,4,3,4,3,No,Travel_Rarely,3,5,1,38,3,0,0,Full-Time,No
EMP00452,45,Male,Research & Development,Research Director,3,Human Resources,Single,4,13,5,0,24,69602,69,1,1,3,4,No,Travel_Frequently,3,1,1,29,2,0,1,Full-Time,Yes
EMP00453,27,Male,Sales,Sales Representative,2,Human Resources,Married,1,3,2,0,5,42961,89,4,4,1,3,No,Travel_Frequently,3,1,6,34,2,1,0,Part-Time,No
EMP00454,48,Male,Research & Development,Healthcare Representative,4,Technical Degree,Married,4,25,5,1,28,101677,73,2,1,1,2,Yes,Travel_Rarely,4,5,0,30,2,0,1,Full-Time,No
EMP00455,45,Female,Sales,Sales Representative,4,Medical,Married,5,11,3,5,22,111517,35,3,4,1,2,No,Travel_Rarely,3,0,4,31,2,1,0,Full-Time,No
EMP00456,29,Male,Research & Development,Research Scientist,4,Medical,Single,3,7,2,4,8,82724,57,3,1,4,4,No,Travel_Rarely,3,2,6,22,3,1,1,Full-Time,No
EMP00457,45,Male,Human Resources,Human Resources,4,Life Sciences,Single,5,12,6,1,24,116782,60,3,4,2,3,No,Travel_Rarely,2,0,6,25,3,0,0,Full-Time,No
EMP00458,53,Male,Research & Development,Research Director,4,Life Sciences,Single,5,21,8,14,32,117577,37,3,2,4,4,No,Travel_Rarely,3,1,3,4,2,1,1,Full-Time,No
EMP00459,26,Male,Human Resources,Recruiter,2,Technical Degree,Divorced,2,4,2,1,6,54472,34,4,1,4,2,Yes,Travel_Frequently,3,6,3,35,1,1,1,Full-Time,Yes
EMP00460,23,Female,Research & Development,Research Director,4,Marketing,Married,1,2,1,1,3,33099,83,1,4,3,3,No,Travel_Rarely,2,3,2,9,3,0,1,Full-Time,Yes
EMP00461,30,Female,Human Resources,HR Manager,3,Other,Married,2,3,2,2,8,46027,46,4,2,1,3,No,Non-Travel,4,4,4,26,4,1,0,Full-Time,No
EMP00462,48,Male,Sales,Sales Manager,2,Marketing,Single,4,21,13,1,27,79060,67,3,4,1,2,No,Travel_Rarely,2,3,7,27,3,3,0,Full-Time,No
EMP00463,55,Female,Research & Development,Laboratory Technician,1,Marketing,Divorced,5,21,5,15,35,108275,38,4,3,3,3,Yes,Travel_Rarely,3,1,3,27,4,0,1,Full-Time,No
EMP00464,44,Female,Research & Development,Research Director,4,Medical,Single,5,9,6,0,23,87078,43,3,1,3,3,No,Travel_Rarely,4,3,4,18,3,1,0,Contract,No
EMP00465,40,Female,Research & Development,Manufacturing Director,4,Other,Single,3,13,4,4,17,61697,55,3,4,3,3,No,Travel_Rarely,4,2,6,30,2,0,0,Full-Time,No
EMP00466,55,Male,Research & Development,Manufacturing Director,2,Medical,Married,5,21,17,14,34,100814,91,4,3,3,4,Yes,Travel_Rarely,3,2,4,31,2,0,1,Full-Time,No
EMP00467,29,Male,Research & Development,Research Director,4,Other,Divorced,3,5,2,3,7,60891,54,3,4,4,4,No,Travel_Rarely,2,6,1,3,3,0,0,Full-Time,No
EMP00468,56,Male,Sales,Sales Executive,5,Human Resources,Single,5,16,8,6,36,106421,65,3,3,3,4,No,Travel_Rarely,4,0,7,29,3,2,0,Full-Time,No
EMP00469,28,Female,Sales,Sales Representative,2,Medical,Single,3,2,0,0,5,82630,62,1,3,3,4,No,Travel_Rarely,3,3,3,7,3,0,1,Full-Time,Yes
EMP00470,43,Male,Research & Development,Laboratory Technician,2,Medical,Divorced,3,15,13,8,23,77114,32,2,2,4,3,No,Travel_Frequently,4,3,3,18,3,0,1,Full-Time,Yes
EMP00471,54,Male,Research & Development,Research Scientist,4,Medical,Single,5,16,4,10,31,110038,40,3,2,1,3,No,Travel_Frequently,3,1,0,16,3,1,0,Full-Time,No
EMP00472,54,Male,Human Resources,Recruiter,2,Technical Degree,Single,5,11,7,1,33,106146,87,4,3,2,4,No,Travel_Frequently,3,0,4,32,1,0,1,Full-Time,No
EMP00473,55,Female,Research & Development,Research Director,3,Medical,Married,5,32,10,20,34,101739,93,3,3,1,3,Yes,Travel_Rarely,2,0,2,38,4,0,1,Full-Time,No
EMP00474,37,Male,Human Resources,HR Manager,1,Life Sciences,Divorced,4,9,6,3,15,73575,47,1,3,1,2,Yes,Travel_Rarely,3,3,7,25,3,0,1,Full-Time,Yes
EMP00475,58,Female,Research & Development,Research Director,3,Life Sciences,Married,5,28,25,10,36,120654,76,3,3,3,3,Yes,Travel_Rarely,4,4,1,32,3,0,0,Full-Time,No
EMP00476,51,Female,Sales,Sales Representative,4,Other,Divorced,5,14,7,4,28,90606,73,3,3,2,2,Yes,Travel_Frequently,4,3,6,19,3,1,1,Full-Time,No
EMP00477,43,Male,Sales,Sales Manager,4,Human Resources,Married,3,10,5,4,21,56426,88,3,1,3,3,No,Non-Travel,1,3,0,3,3,0,1,Full-Time,No
EMP00478,42,Female,Research & Development,Research Scientist,4,Technical Degree,Single,3,10,9,7,20,77175,79,4,2,4,2,No,Travel_Rarely,4,3,1,35,2,0,1,Full-Time,Yes
EMP00479,51,Male,Research & Development,Research Director,4,Other,Divorced,4,15,9,6,29,73149,98,4,3,2,2,Yes,Travel_Rarely,1,2,2,29,3,2,0,Part-Time,Yes
EMP00480,56,Female,Sales,Sales Manager,4,Life Sciences,Married,5,21,12,16,34,96343,58,1,1,3,4,Yes,Travel_Rarely,3,5,0,11,2,2,0,Full-Time,No
EMP00481,31,Male,Research & Development,Healthcare Representative,4,Technical Degree,Single,2,6,3,0,10,41478,96,4,2,1,3,No,Travel_Rarely,3,0,1,6,3,2,1,Full-Time,Yes
EMP00482,32,Female,Human Resources,Human Resources,1,Technical Degree,Married,2,5,3,2,10,44089,31,3,1,2,3,Yes,Travel_Rarely,2,5,2,19,1,2,0,Full-Time,No
EMP00483,42,Female,Research & Development,Laboratory Technician,3,Human Resources,Single,4,6,1,3,21,73054,54,4,4,3,3,No,Travel_Rarely,1,2,5,37,2,1,1,Full-Time,Yes
EMP00484,44,Female,Research & Development,Manufacturing Director,1,Technical Degree,Single,4,13,11,7,23,68421,48,1,4,4,4,Yes,Travel_Frequently,3,4,0,27,2,1,1,Full-Time,No
EMP00485,54,Female,Research & Development,Laboratory Technician,4,Medical,Single,5,11,6,5,34,109584,69,3,1,3,3,No,Travel_Rarely,3,1,2,5,3,1,1,Full-Time,No
EMP00486,49,Male,Sales,Sales Representative,3,Technical Degree,Married,5,8,2,3,28,117970,31,2,1,1,3,No,Travel_Frequently,2,6,0,26,4,2,1,Full-Time,No
EMP00487,36,Female,Research & Development,Laboratory Technician,3,Human Resources,Married,4,14,11,9,15,80859,94,3,4,3,4,No,Travel_Rarely,3,4,3,35,2,1,0,Full-Time,No
EMP00488,39,Female,Research & Development,Research Scientist,2,Other,Married,4,11,5,7,17,100408,91,1,3,1,2,No,Travel_Rarely,4,0,3,19,3,0,1,Full-Time,No
EMP00489,44,Male,Sales,Sales Representative,4,Human Resources,Divorced,5,16,4,1,23,88970,83,2,4,2,4,No,Travel_Rarely,3,1,1,17,2,2,1,Full-Time,No
EMP00490,41,Male,Research & Development,Research Director,4,Human Resources,Single,3,9,6,6,18,63799,74,1,4,3,3,Yes,Travel_Rarely,2,5,7,35,3,2,1,Full-Time,No
EMP00491,32,Female,Research & Development,Laboratory Technician,3,Life Sciences,Single,2,9,8,2,10,44417,78,2,3,1,3,No,Travel_Rarely,1,4,4,13,1,2,1,Full-Time,No
EMP00492,38,Female,Research & Development,Manufacturing Director,4,Medical,Single,3,11,10,2,16,73097,98,1,2,3,2,No,Travel_Rarely,3,0,5,14,2,0,1,Full-Time,No
EMP00493,55,Female,Research & Development,Manufacturing Director,2,Life Sciences,Single,5,26,25,18,33,98573,67,3,4,3,3,No,Travel_Rarely,3,6,6,30,2,0,1,Full-Time,No
EMP00494,31,Male,Sales,Sales Executive,3,Other,Single,3,5,4,1,11,72868,33,1,4,3,3,No,Travel_Rarely,3,6,4,17,4,0,0,Contract,No
EMP00495,38,Female,Research & Development,Manufacturing Director,4,Marketing,Married,4,15,3,9,16,96005,46,3,3,1,4,No,Travel_Rarely,4,4,6,37,3,1,1,Full-Time,No
EMP00496,31,Male,Research & Development,Laboratory Technician,3,Other,Divorced,3,8,4,1,10,70739,82,1,3,4,4,No,Travel_Rarely,3,1,6,15,2,0,1,Full-Time,No
EMP00497,28,Female,Human Resources,Recruiter,5,Medical,Divorced,2,4,3,0,5,55863,82,4,2,3,4,No,Travel_Rarely,2,1,6,18,2,0,0,Full-Time,No
EMP00498,26,Male,Sales,Sales Executive,2,Technical Degree,Single,1,1,0,0,4,43481,60,4,3,4,2,No,Travel_Rarely,4,4,2,14,2,0,1,Full-Time,Yes
EMP00499,47,Female,Research & Development,Manufacturing Director,1,Human Resources,Divorced,4,10,6,0,25,77963,51,2,4,2,4,Yes,Travel_Rarely,3,2,0,14,2,0,0,Part-Time,Yes
EMP00500,33,Female,Research & Development,Research Director,5,Marketing,Single,2,4,2,2,10,49419,40,3,4,3,3,No,Non-Travel,3,4,3,33,3,1,1,Full-Time,No
EMP00501,50,Male,Sales,Sales Executive,1,Medical,Single,5,11,5,2,28,112423,63,1,3,3,4,No,Non-Travel,4,5,4,38,3,2,0,Full-Time,No
EMP00502,38,Female,Sales,Sales Executive,5,Life Sciences,Divorced,4,15,13,5,18,90140,44,4,4,2,2,Yes,Travel_Rarely,4,4,7,11,3,0,0,Full-Time,No
EMP00503,35,Male,Research & Development,Research Director,5,Human Resources,Married,2,3,1,0,14,45084,39,3,2,1,3,Yes,Non-Travel,3,4,6,11,2,1,1,Full-Time,No
EMP00504,24,Female,Research & Development,Laboratory Technician,2,Other,Single,1,0,0,0,1,34256,82,1,2,3,4,Yes,Travel_Rarely,3,2,3,26,3,0,1,Full-Time,Yes
EMP00505,54,Female,Sales,Sales Manager,3,Life Sciences,Married,5,12,11,7,31,100804,77,2,3,4,4,No,Travel_Rarely,4,3,6,3,2,0,1,Full-Time,No
EMP00506,31,Male,Research & Development,Laboratory Technician,2,Medical,Single,3,3,1,0,11,66760,60,1,2,3,3,No,Non-Travel,3,1,5,25,2,1,0,Full-Time,No
EMP00507,44,Female,Research & Development,Laboratory Technician,3,Medical,Married,5,8,2,4,23,87339,66,3,3,1,3,Yes,Travel_Rarely,3,5,2,17,3,1,1,Full-Time,No
EMP00508,40,Female,Research & Development,Research Director,1,Other,Married,4,16,9,11,20,102352,57,3,2,3,2,No,Travel_Frequently,3,0,7,22,2,2,0,Full-Time,No
EMP00509,55,Male,Sales,Sales Manager,2,Marketing,Divorced,5,22,18,11,34,114497,60,3,4,4,3,No,Travel_Rarely,3,1,5,29,3,1,0,Part-Time,No
EMP00510,42,Male,Human Resources,Recruiter,3,Other,Single,4,4,3,2,22,85072,99,3,4,4,3,No,Travel_Rarely,4,1,5,26,4,2,0,Full-Time,No
EMP00511,35,Female,Sales,Sales Manager,3,Technical Degree,Married,3,7,5,0,13,74971,43,1,3,1,1,Yes,Travel_Frequently,3,3,2,34,2,0,0,Full-Time,Yes
EMP00512,58,Female,Research & Development,Research Scientist,5,Life Sciences,Married,5,19,14,3,38,120773,45,2,2,4,2,No,Travel_Rarely,4,1,0,26,4,0,1,Part-Time,No
EMP00513,58,Female,Sales,Sales Representative,4,Marketing,Married,5,10,4,7,35,85382,54,1,3,2,2,No,Non-Travel,4,1,7,9,1,0,1,Full-Time,No
EMP00514,33,Female,Sales,Sales Executive,4,Human Resources,Single,2,7,6,4,10,46808,68,4,4,3,3,No,Travel_Frequently,4,2,5,11,2,2,0,Full-Time,No
EMP00515,50,Male,Research & Development,Laboratory Technician,3,Technical Degree,Married,4,20,18,10,27,87465,95,1,3,3,2,No,Travel_Frequently,3,2,4,7,3,0,1,Full-Time,Yes
EMP00516,24,Female,Sales,Sales Representative,4,Marketing,Divorced,1,3,1,1,4,41233,67,3,1,4,3,No,Travel_Rarely,4,2,6,30,3,0,0,Full-Time,No
EMP00517,54,Male,Research & Development,Manufacturing Director,3,Life Sciences,Divorced,5,24,7,7,31,80735,70,2,1,4,3,No,Travel_Rarely,3,2,2,2,1,1,1,Full-Time,No
EMP00518,42,Male,Sales,Sales Representative,4,Medical,Married,3,3,2,0,19,84546,69,2,2,4,3,Yes,Travel_Rarely,2,2,2,30,3,0,1,Full-Time,Yes
EMP00519,48,Male,Research & Development,Healthcare Representative,5,Human Resources,Divorced,4,25,22,15,26,84041,93,3,2,1,3,Yes,Travel_Rarely,4,5,6,4,4,0,0,Full-Time,No
EMP00520,30,Male,Research & Development,Research Scientist,3,Other,Married,3,6,5,3,8,64865,45,3,4,4,3,No,Travel_Rarely,3,0,3,14,2,0,1,Full-Time,No
EMP00521,37,Male,Sales,Sales Executive,4,Life Sciences,Married,4,14,12,5,16,77716,88,3,4,1,3,Yes,Travel_Rarely,2,3,1,13,4,0,0,Full-Time,No
EMP00522,31,Male,Sales,Sales Representative,4,Technical Degree,Single,3,2,1,1,10,59042,40,3,2,2,3,Yes,Travel_Frequently,2,4,7,25,3,1,1,Full-Time,Yes
EMP00523,28,Female,Research & Development,Healthcare Representative,5,Technical Degree,Married,3,6,4,1,7,78484,30,3,2,3,3,No,Non-Travel,2,6,5,13,4,1,0,Full-Time,No
EMP00524,29,Male,Research & Development,Healthcare Representative,4,Medical,Single,2,7,4,1,9,63729,42,2,2,3,4,Yes,Travel_Rarely,3,5,4,13,2,0,1,Full-Time,No
EMP00525,36,Male,Research & Development,Research Scientist,2,Medical,Married,4,13,3,9,15,82432,59,3,4,3,2,No,Non-Travel,3,2,0,37,3,0,1,Full-Time,No
EMP00526,57,Male,Research & Development,Research Director,3,Human Resources,Single,5,10,7,6,37,123337,98,3,3,3,2,No,Travel_Rarely,3,3,5,6,1,2,0,Contract,No
EMP00527,26,Male,Research & Development,Healthcare Representative,1,Other,Divorced,2,4,2,1,6,60571,47,1,3,4,3,No,Travel_Rarely,4,4,6,26,4,1,0,Full-Time,No
EMP00528,32,Male,Sales,Sales Manager,4,Human Resources,Single,3,10,7,1,11,68703,42,3,3,2,3,Yes,Travel_Rarely,3,1,0,14,3,1,1,Full-Time,No
EMP00529,59,Male,Research & Development,Laboratory Technician,1,Medical,Single,5,28,16,4,38,110392,61,1,3,2,4,Yes,Non-Travel,3,5,3,8,3,1,0,Full-Time,Yes
EMP00530,28,Female,Human Resources,HR Manager,4,Medical,Married,2,5,2,2,8,51239,79,2,3,4,2,Yes,Travel_Rarely,3,1,5,24,2,0,0,Full-Time,Yes
EMP00531,46,Female,Research & Development,Research Director,2,Technical Degree,Single,5,22,7,6,24,105030,60,3,2,1,3,Yes,Travel_Rarely,3,3,0,22,4,3,1,Full-Time,No
EMP00532,21,Female,Research & Development,Research Scientist,2,Medical,Single,1,0,0,0,0,29007,80,4,3,3,1,Yes,Non-Travel,3,0,5,39,3,1,1,Full-Time,No
EMP00533,24,Male,Sales,Sales Executive,3,Marketing,Single,1,0,0,0,1,39538,56,4,3,3,3,No,Travel_Rarely,3,0,2,21,3,0,0,Full-Time,No
EMP00534,48,Male,Research & Development,Research Scientist,4,Life Sciences,Married,5,14,4,9,25,81506,89,1,2,3,2,No,Travel_Rarely,4,3,5,26,3,0,0,Contract,No
EMP00535,56,Female,Research & Development,Laboratory Technician,2,Medical,Married,5,32,31,9,34,117044,62,3,1,3,4,No,Travel_Rarely,1,6,4,10,4,0,1,Full-Time,No
EMP00536,57,Male,Research & Development,Healthcare Representative,3,Human Resources,Married,5,9,2,5,37,117410,82,3,3,2,4,No,Travel_Rarely,4,6,5,13,2,0,0,Full-Time,No
EMP00537,38,Male,Human Resources,HR Manager,3,Other,Married,4,10,4,2,17,75546,62,1,3,4,3,No,Travel_Rarely,3,0,0,14,1,3,1,Full-Time,No
EMP00538,27,Male,Sales,Sales Executive,2,Other,Married,2,5,3,0,7,48567,70,4,3,1,4,No,Travel_Frequently,3,6,4,9,4,2,1,Full-Time,No
EMP00539,20,Male,Sales,Sales Manager,2,Other,Single,2,0,0,0,0,52351,48,4,4,3,3,Yes,Non-Travel,3,0,0,7,3,0,1,Full-Time,No
EMP00540,41,Male,Research & Development,Research Director,4,Marketing,Single,4,13,4,4,20,89569,70,4,1,1,4,No,Travel_Rarely,2,1,7,39,2,0,0,Full-Time,No
EMP00541,36,Male,Research & Development,Research Director,3,Human Resources,Married,4,12,10,8,14,77506,71,1,2,3,4,No,Non-Travel,3,6,6,31,2,2,0,Part-Time,No
EMP00542,26,Male,Sales,Sales Manager,1,Marketing,Single,2,2,1,0,3,55019,52,2,2,3,1,Yes,Non-Travel,4,0,6,16,4,0,0,Full-Time,Yes
EMP00543,44,Male,Sales,Sales Representative,4,Medical,Single,4,5,1,0,21,77913,62,4,3,4,3,No,Travel_Rarely,3,0,1,8,2,1,1,Full-Time,No
EMP00544,23,Female,Sales,Sales Executive,5,Life Sciences,Married,2,1,0,0,3,42131,49,3,3,4,3,No,Travel_Rarely,3,3,1,15,3,1,1,Full-Time,No
EMP00545,55,Female,Sales,Sales Manager,3,Other,Married,5,7,6,0,33,79167,54,4,4,3,1,Yes,Travel_Frequently,3,0,4,25,4,1,0,Full-Time,No
EMP00546,25,Female,Research & Development,Manufacturing Director,3,Human Resources,Single,1,0,0,0,2,29718,81,1,2,4,2,No,Travel_Rarely,3,6,6,38,1,1,1,Full-Time,No
EMP00547,50,Female,Research & Development,Laboratory Technician,4,Other,Single,5,17,12,4,28,115889,41,3,3,3,4,No,Travel_Rarely,3,6,1,15,4,1,1,Full-Time,No
EMP00548,38,Female,Research & Development,Laboratory Technician,5,Marketing,Divorced,3,15,3,0,17,83835,61,3,4,3,4,No,Travel_Rarely,3,5,1,25,3,3,0,Full-Time,No
EMP00549,58,Male,Research & Development,Research Scientist,4,Technical Degree,Divorced,5,33,17,24,38,98903,62,1,4,3,3,No,Travel_Rarely,4,2,2,7,3,0,0,Full-Time,No
EMP00550,46,Male,Sales,Sales Executive,3,Medical,Married,5,7,4,0,26,102889,97,3,4,3,4,No,Travel_Rarely,2,2,0,26,3,2,0,Part-Time,No
EMP00551,29,Male,Sales,Sales Manager,3,Life Sciences,Married,2,1,0,0,7,44324,44,3,4,4,4,No,Travel_Rarely,3,3,1,8,3,0,1,Full-Time,No
EMP00552,45,Female,Research & Development,Manufacturing Director,4,Medical,Married,5,14,7,3,22,104672,80,2,4,2,1,Yes,Travel_Frequently,3,2,4,18,2,0,1,Full-Time,No
EMP00553,38,Female,Human Resources,Human Resources,2,Technical Degree,Divorced,3,10,6,0,16,58106,35,2,2,3,2,No,Travel_Frequently,3,1,2,21,1,0,1,Contract,No
EMP00554,58,Male,Research & Development,Healthcare Representative,3,Life Sciences,Divorced,5,15,6,0,37,107471,98,3,2,4,1,No,Travel_Rarely,3,5,6,16,4,1,0,Contract,No
EMP00555,22,Female,Sales,Sales Representative,4,Technical Degree,Single,2,0,0,0,0,63198,98,3,1,4,1,Yes,Travel_Rarely,3,5,1,3,1,0,0,Full-Time,Yes
EMP00556,32,Male,Human Resources,Human Resources,4,Medical,Married,2,8,6,0,9,45496,64,4,4,4,2,No,Travel_Rarely,1,3,5,1,4,2,1,Full-Time,No
EMP00557,47,Female,Research & Development,Healthcare Representative,3,Marketing,Single,5,13,5,7,25,114602,63,2,4,3,3,No,Travel_Rarely,4,6,6,13,2,1,1,Full-Time,No
EMP00558,39,Male,Research & Development,Healthcare Representative,4,Medical,Single,4,16,13,6,18,67216,92,2,2,3,4,Yes,Travel_Frequently,4,0,4,32,3,0,1,Full-Time,Yes
EMP00559,47,Male,Research & Development,Manufacturing Director,2,Medical,Married,4,12,3,3,24,80944,97,4,3,3,4,No,Non-Travel,2,2,0,12,4,1,1,Full-Time,No
EMP00560,27,Male,Research & Development,Healthcare Representative,3,Medical,Married,2,5,4,1,7,43457,47,4,4,3,3,Yes,Travel_Rarely,3,1,7,31,2,2,1,Contract,No
EMP00561,58,Male,Sales,Sales Representative,4,Human Resources,Divorced,5,21,6,15,37,95440,55,1,4,4,4,No,Travel_Rarely,3,6,6,2,4,1,0,Full-Time,No
EMP00562,20,Male,Sales,Sales Executive,2,Technical Degree,Single,2,0,0,0,0,44964,90,4,3,4,3,No,Travel_Rarely,4,3,5,8,3,0,1,Full-Time,Yes
EMP00563,22,Male,Sales,Sales Executive,2,Technical Degree,Married,1,0,0,0,0,34209,77,1,4,4,4,Yes,Travel_Rarely,4,6,6,25,3,2,1,Full-Time,Yes
EMP00564,32,Female,Sales,Sales Executive,5,Other,Divorced,3,5,2,3,9,66701,60,1,2,1,3,No,Travel_Frequently,4,3,1,5,3,1,0,Full-Time,Yes
EMP00565,47,Male,Research & Development,Manufacturing Director,2,Technical Degree,Divorced,4,21,19,5,27,78023,63,2,2,4,2,No,Travel_Rarely,2,0,4,2,2,0,1,Full-Time,Yes
EMP00566,44,Male,Research & Development,Laboratory Technician,2,Other,Single,4,11,5,3,23,91908,36,2,3,4,4,No,Travel_Rarely,4,4,5,38,2,0,0,Full-Time,No
EMP00567,52,Female,Research & Development,Research Scientist,5,Human Resources,Married,5,6,2,2,29,121776,36,4,3,3,3,Yes,Non-Travel,4,2,7,39,3,1,1,Full-Time,No
EMP00568,57,Female,Sales,Sales Manager,4,Marketing,Married,5,10,6,4,37,97677,76,4,1,3,3,Yes,Travel_Rarely,3,1,4,3,2,2,1,Full-Time,No
EMP00569,25,Male,Human Resources,HR Manager,4,Other,Single,1,1,0,0,2,31223,37,4,4,4,2,No,Non-Travel,3,3,3,38,2,0,1,Full-Time,Yes
EMP00570,51,Male,Human Resources,Recruiter,4,Medical,Divorced,5,21,9,6,28,91638,30,4,4,3,3,No,Travel_Rarely,3,6,6,22,4,0,1,Full-Time,No
EMP00571,40,Male,Research & Development,Research Director,2,Marketing,Divorced,3,8,6,6,19,80451,32,3,4,4,4,No,Travel_Rarely,3,2,5,33,4,2,1,Full-Time,No
EMP00572,35,Male,Human Resources,Recruiter,4,Human Resources,Single,3,9,7,5,13,71556,82,3,2,3,1,No,Travel_Rarely,3,6,4,32,3,0,1,Full-Time,Yes
EMP00573,40,Female,Research & Development,Laboratory Technician,3,Technical Degree,Single,4,13,11,4,18,84045,67,4,3,4,4,No,Travel_Rarely,1,1,5,17,3,3,0,Contract,No
EMP00574,30,Male,Human Resources,Human Resources,4,Other,Single,2,7,6,4,10,44391,80,4,3,4,1,Yes,Travel_Rarely,2,5,3,18,3,0,1,Contract,No
EMP00575,56,Male,Sales,Sales Manager,3,Medical,Divorced,5,21,8,4,36,99962,44,4,1,3,3,Yes,Travel_Rarely,3,5,0,3,3,1,0,Full-Time,No
EMP00576,55,Female,Research & Development,Healthcare Representative,3,Life Sciences,Single,5,32,24,2,35,91999,96,4,3,4,2,No,Travel_Frequently,3,1,7,6,3,0,1,Full-Time,No
EMP00577,54,Male,Sales,Sales Executive,3,Life Sciences,Married,5,19,9,5,33,122907,93,1,1,3,3,No,Travel_Rarely,3,5,0,13,4,3,0,Full-Time,No
EMP00578,38,Male,Sales,Sales Representative,3,Marketing,Married,4,8,5,2,16,100778,97,4,1,3,1,No,Travel_Rarely,2,3,6,31,2,1,0,Contract,No
EMP00579,39,Male,Sales,Sales Representative,4,Technical Degree,Married,4,6,3,0,19,69572,34,4,4,1,3,No,Travel_Frequently,4,2,2,17,3,3,0,Full-Time,No
EMP00580,37,Female,Research & Development,Research Scientist,3,Life Sciences,Single,4,7,6,4,17,86449,39,4,1,3,2,No,Travel_Rarely,4,1,5,21,4,1,1,Full-Time,No
EMP00581,33,Male,Research & Development,Laboratory Technician,3,Marketing,Single,2,2,1,0,10,46201,37,2,4,4,2,No,Travel_Rarely,4,3,3,16,3,0,0,Full-Time,Yes
EMP00582,34,Female,Research & Development,Healthcare Representative,3,Human Resources,Divorced,3,7,6,3,11,66489,41,3,3,4,3,Yes,Travel_Rarely,3,2,7,17,4,0,0,Full-Time,No
EMP00583,50,Male,Sales,Sales Manager,3,Marketing,Divorced,5,11,9,0,30,119823,93,3,4,2,2,No,Travel_Rarely,2,2,4,32,2,1,0,Full-Time,No
EMP00584,20,Male,Research & Development,Laboratory Technician,4,Marketing,Married,1,0,0,0,0,36753,88,2,1,3,2,No,Travel_Rarely,3,3,2,1,2,1,0,Full-Time,No
EMP00585,22,Female,Research & Development,Research Director,4,Marketing,Single,1,0,0,0,0,33564,96,3,3,2,2,No,Travel_Rarely,2,2,5,38,4,3,0,Full-Time,Yes
EMP00586,35,Female,Research & Development,Research Scientist,4,Medical,Single,2,5,2,2,12,45789,79,2,2,3,3,No,Travel_Frequently,4,4,2,8,3,0,1,Full-Time,Yes
EMP00587,42,Female,Research & Development,Research Director,5,Marketing,Married,4,8,3,6,21,97512,52,2,4,4,3,No,Non-Travel,3,1,7,1,3,1,0,Full-Time,No
EMP00588,30,Female,Sales,Sales Executive,4,Other,Single,2,3,1,2,10,55788,69,3,3,3,1,No,Non-Travel,3,1,5,2,2,3,1,Full-Time,No
EMP00589,31,Female,Research & Development,Healthcare Representative,3,Marketing,Divorced,2,9,1,2,11,52033,47,3,2,3,2,Yes,Non-Travel,3,2,6,37,3,0,0,Full-Time,Yes
EMP00590,29,Male,Human Resources,Recruiter,4,Medical,Married,2,1,0,0,6,46019,50,3,4,3,3,No,Travel_Rarely,4,3,6,24,3,2,1,Full-Time,No
EMP00591,51,Male,Sales,Sales Executive,5,Medical,Single,4,16,9,10,30,79335,30,3,3,1,2,No,Travel_Rarely,3,0,0,27,2,0,1,Full-Time,No
EMP00592,35,Female,Research & Development,Research Scientist,3,Human Resources,Divorced,3,7,4,5,12,83785,67,2,1,4,4,Yes,Travel_Rarely,3,5,4,20,3,1,0,Part-Time,No
EMP00593,27,Male,Human Resources,Human Resources,4,Technical Degree,Divorced,2,4,3,2,6,53282,70,2,3,3,3,Yes,Travel_Rarely,3,2,3,21,3,0,1,Full-Time,No
EMP00594,57,Female,Research & Development,Laboratory Technician,4,Life Sciences,Single,5,26,24,16,37,97682,71,1,3,3,3,No,Travel_Rarely,3,0,6,37,1,0,0,Full-Time,Yes
EMP00595,31,Female,Sales,Sales Representative,3,Life Sciences,Married,2,6,1,3,8,53314,38,2,2,4,2,Yes,Travel_Rarely,2,2,0,35,3,0,0,Full-Time,Yes
EMP00596,43,Male,Sales,Sales Representative,2,Marketing,Single,3,5,2,1,23,78088,52,3,3,4,3,No,Travel_Frequently,4,0,2,38,3,3,1,Part-Time,Yes
EMP00597,47,Male,Sales,Sales Executive,3,Human Resources,Married,4,11,5,5,26,79564,40,4,1,4,4,No,Travel_Rarely,3,2,1,15,2,2,1,Full-Time,No
EMP00598,27,Female,Research & Development,Research Scientist,5,Marketing,Single,1,2,0,1,5,30998,60,2,3,4,3,No,Travel_Frequently,1,3,6,30,3,0,1,Full-Time,Yes
EMP00599,47,Male,Research & Development,Manufacturing Director,4,Life Sciences,Married,4,8,6,4,26,89112,55,1,4,4,3,No,Travel_Rarely,4,5,2,4,2,3,0,Full-Time,No
EMP00600,55,Female,Sales,Sales Executive,3,Medical,Divorced,5,14,8,0,33,109981,59,4,3,3,3,No,Travel_Rarely,3,6,7,39,2,1,0,Full-Time,No
EMP00601,45,Male,Human Resources,HR Manager,5,Technical Degree,Married,5,11,7,2,25,112191,63,2,3,1,3,No,Travel_Rarely,4,6,1,15,3,2,0,Full-Time,No
EMP00602,27,Female,Research & Development,Research Scientist,3,Human Resources,Single,2,4,3,0,7,61967,75,4,1,3,2,No,Travel_Frequently,4,0,5,23,3,0,1,Contract,No
EMP00603,47,Male,Sales,Sales Executive,3,Medical,Married,4,17,14,3,24,80775,98,4,2,4,3,No,Travel_Rarely,4,4,0,15,4,0,1,Full-Time,No
EMP00604,47,Female,Research & Development,Laboratory Technician,4,Technical Degree,Single,5,12,3,8,25,82554,34,2,2,1,2,Yes,Non-Travel,2,3,5,26,2,1,0,Contract,Yes
EMP00605,56,Male,Research & Development,Healthcare Representative,4,Human Resources,Divorced,5,27,20,0,35,123613,90,2,3,1,3,Yes,Travel_Rarely,3,5,3,12,3,0,1,Full-Time,No
EMP00606,55,Male,Sales,Sales Executive,2,Human Resources,Married,5,16,8,2,35,99278,67,3,3,1,4,Yes,Travel_Rarely,4,2,4,18,1,1,0,Contract,Yes
EMP00607,46,Male,Sales,Sales Representative,3,Life Sciences,Single,5,10,4,2,24,108031,57,1,4,4,4,No,Travel_Rarely,4,0,6,6,3,0,1,Full-Time,No
EMP00608,36,Female,Research & Development,Research Scientist,3,Medical,Single,3,9,2,4,15,74538,55,1,1,3,3,No,Travel_Rarely,3,5,1,18,3,0,0,Full-Time,No
EMP00609,28,Female,Research & Development,Healthcare Representative,3,Human Resources,Married,3,1,0,0,6,70765,90,2,3,3,2,No,Travel_Frequently,3,1,6,24,3,0,1,Full-Time,Yes
EMP00610,52,Male,Research & Development,Manufacturing Director,3,Other,Single,5,8,3,1,31,88594,52,4,3,1,1,No,Non-Travel,2,3,4,38,2,3,1,Full-Time,No
EMP00611,39,Male,Research & Development,Healthcare Representative,3,Human Resources,Married,3,9,3,1,18,77337,75,3,3,4,3,No,Travel_Rarely,4,0,5,28,4,0,1,Full-Time,No
EMP00612,32,Male,Sales,Sales Manager,2,Technical Degree,Single,3,10,7,1,11,78868,59,1,4,2,4,No,Travel_Rarely,3,3,0,15,3,0,0,Full-Time,No
EMP00613,47,Female,Sales,Sales Representative,3,Life Sciences,Single,4,20,16,8,26,87866,96,3,2,2,3,No,Travel_Rarely,2,0,0,19,4,1,1,Full-Time,No
EMP00614,48,Female,Research & Development,Healthcare Representative,1,Marketing,Married,4,7,2,1,26,85353,62,3,1,3,2,No,Travel_Rarely,3,6,5,5,1,1,0,Full-Time,No
EMP00615,32,Male,Sales,Sales Manager,3,Life Sciences,Divorced,2,8,1,6,10,43534,32,3,3,3,4,No,Non-Travel,3,1,5,4,3,1,1,Full-Time,No
EMP00616,54,Male,Sales,Sales Executive,4,Marketing,Divorced,5,24,21,8,31,82953,98,2,2,3,4,Yes,Travel_Rarely,4,4,0,17,3,2,1,Full-Time,No
EMP00617,25,Male,Research & Development,Research Scientist,4,Medical,Single,1,2,0,0,3,33652,71,3,1,3,3,No,Travel_Frequently,1,1,3,10,3,0,0,Contract,Yes
EMP00618,37,Male,Human Resources,Recruiter,3,Medical,Married,3,12,11,7,15,63341,91,4,2,2,3,No,Travel_Rarely,1,2,1,12,1,0,1,Contract,No
EMP00619,24,Male,Research & Development,Healthcare Representative,1,Human Resources,Single,1,0,0,0,1,43785,87,1,2,4,3,No,Travel_Rarely,3,3,4,5,4,2,1,Full-Time,No
EMP00620,44,Female,Research & Development,Manufacturing Director,2,Other,Married,5,8,3,4,22,115488,86,2,3,2,3,Yes,Travel_Rarely,3,4,2,7,2,3,0,Full-Time,No
EMP00621,21,Male,Sales,Sales Representative,3,Medical,Married,2,0,0,0,0,56638,30,2,2,2,4,No,Travel_Rarely,2,3,6,23,2,1,0,Full-Time,No
EMP00622,29,Female,Human Resources,Human Resources,2,Human Resources,Divorced,3,5,1,2,9,69855,89,2,3,4,2,No,Travel_Frequently,3,5,5,2,3,0,1,Full-Time,No
EMP00623,49,Male,Sales,Sales Representative,3,Life Sciences,Divorced,5,18,6,11,29,86832,98,3,3,4,3,No,Travel_Rarely,3,0,5,30,3,0,1,Full-Time,No
EMP00624,24,Male,Human Resources,HR Manager,2,Medical,Married,2,0,0,0,1,64282,88,4,3,2,3,Yes,Travel_Frequently,4,2,6,37,3,0,0,Full-Time,Yes
EMP00625,52,Female,Human Resources,Human Resources,4,Life Sciences,Married,5,28,19,5,30,96489,75,4,4,1,4,No,Travel_Rarely,1,2,0,5,3,1,0,Full-Time,No
EMP00626,20,Female,Research & Development,Research Scientist,3,Life Sciences,Divorced,2,0,0,0,0,43366,63,2,1,4,4,No,Travel_Rarely,4,3,4,20,3,0,0,Full-Time,No
EMP00627,37,Female,Human Resources,HR Manager,2,Other,Married,4,12,7,4,14,85558,54,3,4,4,4,Yes,Non-Travel,3,6,4,26,3,0,1,Full-Time,No
EMP00628,51,Male,Research & Development,Laboratory Technician,4,Medical,Single,4,26,17,19,31,100385,71,3,3,2,3,No,Non-Travel,2,2,3,39,3,0,0,Part-Time,No
EMP00629,30,Male,Sales,Sales Manager,3,Life Sciences,Single,3,8,3,5,9,81499,58,3,4,3,4,Yes,Travel_Rarely,1,3,1,6,4,1,1,Full-Time,Yes
EMP00630,40,Female,Research & Development,Healthcare Representative,2,Other,Married,3,5,1,0,18,53895,54,3,3,1,3,No,Travel_Frequently,3,0,3,29,4,0,0,Full-Time,No
EMP00631,45,Male,Research & Development,Laboratory Technician,3,Other,Single,5,9,2,0,22,120262,83,2,3,3,3,No,Travel_Rarely,3,0,7,10,3,1,0,Full-Time,No
EMP00632,44,Male,Sales,Sales Representative,3,Medical,Single,4,13,2,5,23,76887,96,3,4,1,2,No,Travel_Rarely,3,3,3,16,1,1,0,Full-Time,No
EMP00633,41,Male,Research & Development,Manufacturing Director,4,Other,Single,3,15,11,1,18,54777,44,3,4,3,4,No,Non-Travel,3,1,7,34,4,0,1,Full-Time,No
EMP00634,46,Male,Human Resources,HR Manager,2,Medical,Married,5,13,5,3,23,118472,33,4,2,1,4,No,Travel_Rarely,3,1,4,31,2,1,0,Full-Time,No
EMP00635,32,Female,Sales,Sales Representative,3,Medical,Single,3,7,5,0,9,80761,67,4,2,3,2,Yes,Travel_Rarely,3,0,1,36,2,0,1,Full-Time,No
EMP00636,52,Male,Research & Development,Research Director,2,Marketing,Single,5,9,4,4,32,106774,49,1,3,3,1,No,Travel_Rarely,2,4,1,5,2,0,0,Full-Time,No
EMP00637,53,Male,Human Resources,Human Resources,1,Life Sciences,Single,5,13,7,9,33,105761,52,1,4,3,4,Yes,Non-Travel,3,1,7,33,2,1,1,Full-Time,No
EMP00638,54,Male,Human Resources,Human Resources,4,Technical Degree,Married,5,24,14,19,31,116860,66,4,2,1,3,No,Travel_Rarely,3,3,1,19,4,1,0,Full-Time,No
EMP00639,20,Male,Human Resources,HR Manager,4,Medical,Divorced,1,0,0,0,0,41024,91,3,3,3,4,Yes,Travel_Rarely,2,0,6,32,3,1,1,Full-Time,No
EMP00640,40,Male,Research & Development,Healthcare Representative,3,Life Sciences,Married,3,9,3,4,19,81588,37,4,4,4,2,Yes,Travel_Rarely,4,2,0,23,4,1,1,Full-Time,No
EMP00641,25,Male,Human Resources,Recruiter,3,Other,Married,1,1,0,0,3,37170,66,1,4,3,1,No,Travel_Frequently,3,2,1,3,2,2,0,Full-Time,No
EMP00642,47,Male,Research & Development,Research Director,2,Human Resources,Divorced,4,12,7,1,27,104038,74,3,3,4,3,No,Travel_Rarely,4,6,4,1,3,0,0,Full-Time,No
EMP00643,36,Female,Sales,Sales Manager,4,Medical,Single,4,11,5,6,15,105149,62,3,3,3,1,No,Travel_Rarely,2,1,6,36,4,1,1,Full-Time,No
EMP00644,24,Male,Research & Development,Manufacturing Director,2,Other,Single,1,0,0,0,1,29972,36,4,4,3,2,No,Travel_Rarely,4,4,0,28,4,1,0,Full-Time,Yes
EMP00645,50,Male,Research & Development,Manufacturing Director,1,Other,Single,5,18,12,2,28,118553,51,1,3,3,2,No,Travel_Frequently,3,5,2,39,3,0,1,Full-Time,No
EMP00646,24,Female,Sales,Sales Manager,3,Other,Single,2,0,0,0,2,52795,34,2,4,4,2,No,Travel_Frequently,3,1,7,5,2,0,0,Full-Time,No
EMP00647,57,Female,Research & Development,Research Director,3,Other,Married,5,28,19,1,34,97071,44,3,2,1,2,Yes,Travel_Frequently,3,4,5,13,3,1,1,Part-Time,No
EMP00648,22,Male,Research & Development,Manufacturing Director,3,Other,Divorced,1,0,0,0,0,38165,50,4,3,1,4,No,Travel_Rarely,1,1,3,11,2,0,1,Full-Time,No
EMP00649,42,Male,Sales,Sales Executive,1,Medical,Married,4,15,11,3,22,68482,46,4,2,3,2,No,Travel_Rarely,4,2,1,22,3,0,0,Full-Time,No
EMP00650,56,Male,Research & Development,Manufacturing Director,3,Technical Degree,Married,5,25,19,6,33,102600,85,4,2,4,3,No,Travel_Frequently,3,4,7,23,3,1,1,Full-Time,No
EMP00651,56,Female,Research & Development,Manufacturing Director,3,Marketing,Divorced,5,12,7,1,34,119546,79,4,4,4,4,No,Travel_Rarely,2,2,2,12,3,3,1,Full-Time,No
EMP00652,29,Female,Research & Development,Research Director,2,Other,Single,3,5,3,3,6,60274,36,1,3,3,3,No,Travel_Rarely,1,6,1,21,3,2,0,Full-Time,No
EMP00653,29,Female,Sales,Sales Manager,4,Other,Single,3,5,4,1,8,66981,79,1,3,3,3,No,Travel_Frequently,2,3,3,19,3,0,1,Full-Time,No
EMP00654,38,Male,Sales,Sales Representative,1,Marketing,Married,4,8,4,3,15,102939,89,1,2,3,3,Yes,Travel_Rarely,3,3,4,5,1,1,1,Full-Time,No
EMP00655,36,Female,Research & Development,Research Director,3,Medical,Married,3,4,2,1,14,67049,36,2,3,3,4,Yes,Travel_Rarely,3,0,4,24,3,0,0,Full-Time,No
EMP00656,40,Male,Human Resources,Human Resources,4,Life Sciences,Single,3,19,15,6,20,64838,69,4,3,3,4,Yes,Travel_Rarely,3,2,3,30,3,0,1,Full-Time,Yes
EMP00657,33,Male,Sales,Sales Executive,2,Human Resources,Married,3,8,5,1,10,67426,74,4,3,4,3,Yes,Travel_Rarely,3,2,2,8,2,2,1,Full-Time,No
EMP00658,28,Male,Research & Development,Research Scientist,3,Human Resources,Married,2,1,0,0,5,53266,88,2,2,4,4,No,Travel_Rarely,3,6,7,2,2,0,0,Part-Time,No
EMP00659,20,Female,Sales,Sales Manager,4,Life Sciences,Married,2,0,0,0,0,55967,84,3,4,3,3,Yes,Non-Travel,3,0,0,34,2,0,1,Full-Time,No
EMP00660,32,Male,Research & Development,Manufacturing Director,2,Medical,Married,2,10,2,0,12,60016,93,4,4,3,2,No,Travel_Rarely,1,3,5,23,3,3,0,Full-Time,No
EMP00661,23,Female,Research & Development,Laboratory Technician,5,Human Resources,Single,2,2,1,1,3,51650,94,3,2,3,4,No,Travel_Rarely,3,3,5,3,4,2,1,Part-Time,No
EMP00662,20,Male,Research & Development,Research Scientist,3,Marketing,Single,1,0,0,0,0,41538,83,1,2,3,3,Yes,Travel_Rarely,2,4,7,24,2,2,0,Full-Time,Yes
EMP00663,59,Male,Sales,Sales Manager,2,Life Sciences,Married,5,21,20,5,38,103868,69,3,3,3,4,No,Travel_Rarely,4,4,5,18,3,2,1,Full-Time,No
EMP00664,51,Male,Research & Development,Research Director,3,Technical Degree,Single,4,22,5,8,29,79500,82,3,3,1,1,No,Travel_Rarely,3,5,0,37,3,1,1,Full-Time,No
EMP00665,53,Male,Sales,Sales Executive,3,Medical,Divorced,5,16,10,5,33,109644,73,3,4,2,3,Yes,Non-Travel,4,6,1,31,1,0,1,Full-Time,No
EMP00666,47,Female,Research & Development,Laboratory Technician,4,Life Sciences,Married,5,9,4,5,27,112424,92,3,3,3,4,No,Travel_Rarely,3,3,7,14,4,1,0,Full-Time,No
EMP00667,50,Male,Research & Development,Healthcare Representative,4,Human Resources,Single,4,20,9,9,29,88063,31,1,3,4,2,Yes,Travel_Rarely,4,5,3,1,3,0,0,Full-Time,Yes
EMP00668,27,Female,Sales,Sales Manager,4,Medical,Married,1,5,1,2,6,28984,50,4,3,2,4,Yes,Travel_Frequently,3,1,3,14,4,0,1,Full-Time,Yes
EMP00669,58,Female,Sales,Sales Manager,5,Marketing,Married,5,16,10,9,36,86949,79,3,2,3,4,No,Travel_Rarely,3,2,0,5,1,2,0,Full-Time,No
EMP00670,45,Female,Research & Development,Research Director,4,Medical,Single,4,14,8,3,25,77426,81,3,2,2,4,No,Non-Travel,3,4,2,31,2,1,0,Full-Time,No
EMP00671,53,Male,Human Resources,Recruiter,3,Medical,Married,5,22,6,5,30,92192,38,4,3,1,3,Yes,Travel_Rarely,3,1,5,31,2,0,1,Full-Time,No
EMP00672,22,Male,Human Resources,HR Manager,3,Marketing,Divorced,1,0,0,0,1,39161,49,2,1,4,3,Yes,Travel_Rarely,4,4,7,30,2,0,1,Full-Time,Yes
EMP00673,31,Male,Sales,Sales Executive,3,Other,Married,3,7,5,1,9,54127,47,2,4,4,4,No,Travel_Frequently,3,0,6,36,4,0,0,Full-Time,No
EMP00674,20,Female,Research & Development,Laboratory Technician,1,Marketing,Single,2,0,0,0,0,58936,59,4,4,1,3,No,Travel_Frequently,2,2,3,1,1,2,0,Full-Time,No
EMP00675,24,Female,Research & Development,Research Director,4,Medical,Married,2,0,0,0,4,47168,94,2,4,4,3,Yes,Travel_Rarely,3,5,7,3,3,1,1,Full-Time,Yes
EMP00676,49,Male,Research & Development,Healthcare Representative,3,Marketing,Married,5,27,14,3,28,93466,53,4,4,2,4,No,Travel_Rarely,4,5,4,20,2,1,1,Full-Time,No
EMP00677,49,Female,Research & Development,Laboratory Technician,1,Other,Single,5,21,20,0,27,103597,76,2,3,4,3,No,Travel_Rarely,3,4,4,21,4,1,1,Full-Time,No
EMP00678,36,Male,Human Resources,Recruiter,1,Life Sciences,Single,3,11,9,0,13,60351,73,1,4,2,4,Yes,Travel_Rarely,3,3,6,30,3,1,0,Part-Time,Yes
EMP00679,42,Female,Human Resources,Recruiter,3,Marketing,Divorced,3,15,6,2,21,81410,58,3,2,2,1,No,Non-Travel,3,6,3,30,3,2,1,Contract,No
EMP00680,34,Male,Research & Development,Manufacturing Director,3,Marketing,Single,3,10,3,0,12,56239,97,2,1,3,2,No,Travel_Rarely,3,5,5,5,2,1,1,Full-Time,No
EMP00681,56,Female,Research & Development,Research Scientist,3,Medical,Married,5,10,5,4,36,99713,46,4,4,4,3,No,Travel_Rarely,4,0,5,10,3,3,0,Full-Time,Yes
EMP00682,40,Male,Research & Development,Healthcare Representative,3,Life Sciences,Married,3,8,4,5,17,80306,34,3,1,2,3,No,Travel_Rarely,3,0,5,24,2,3,1,Full-Time,No
EMP00683,33,Female,Sales,Sales Representative,3,Technical Degree,Married,2,9,5,5,11,55580,79,4,4,4,3,No,Non-Travel,3,3,2,39,2,3,1,Part-Time,No
EMP00684,21,Female,Research & Development,Research Director,4,Technical Degree,Single,1,0,0,0,0,32873,69,4,3,1,2,Yes,Travel_Rarely,3,0,4,6,3,1,1,Contract,No
EMP00685,30,Female,Research & Development,Manufacturing Director,2,Human Resources,Married,3,2,1,0,8,66803,75,2,4,4,4,Yes,Travel_Rarely,4,6,2,10,4,3,1,Full-Time,No
EMP00686,58,Male,Research & Development,Laboratory Technician,2,Marketing,Married,5,29,17,11,36,111911,80,4,2,1,2,No,Travel_Rarely,3,2,0,10,4,0,1,Full-Time,No
EMP00687,57,Male,Sales,Sales Executive,3,Marketing,Married,5,30,8,19,35,124306,40,3,3,4,3,No,Travel_Frequently,4,4,1,25,3,2,1,Full-Time,No
EMP00688,53,Male,Sales,Sales Executive,3,Life Sciences,Married,5,10,8,6,31,120580,41,3,1,3,2,No,Travel_Rarely,3,0,5,14,3,3,1,Full-Time,No
EMP00689,57,Male,Human Resources,Recruiter,1,Other,Married,5,30,13,21,34,94973,42,4,4,3,3,No,Travel_Rarely,4,2,0,39,4,3,0,Part-Time,No
EMP00690,53,Male,Sales,Sales Representative,3,Technical Degree,Divorced,5,23,22,9,32,125466,93,3,2,4,1,No,Travel_Frequently,4,3,1,13,3,2,1,Full-Time,No
EMP00691,37,Female,Research & Development,Laboratory Technician,2,Human Resources,Married,3,8,2,4,14,53660,37,3,3,4,2,No,Travel_Frequently,3,4,6,11,3,0,1,Full-Time,No
EMP00692,49,Male,Sales,Sales Representative,3,Life Sciences,Married,4,23,22,2,27,67377,94,3,2,3,3,No,Travel_Rarely,4,3,4,39,4,0,1,Full-Time,No
EMP00693,34,Male,Sales,Sales Representative,3,Marketing,Divorced,3,5,1,2,11,79500,38,2,1,1,2,No,Travel_Rarely,1,4,1,11,2,0,1,Part-Time,No
EMP00694,46,Male,Sales,Sales Representative,3,Technical Degree,Married,5,8,3,1,23,88325,31,2,3,3,2,Yes,Non-Travel,3,6,7,16,1,2,0,Full-Time,Yes
EMP00695,53,Male,Sales,Sales Executive,4,Human Resources,Single,5,12,2,4,30,81875,42,3,2,3,3,No,Travel_Rarely,4,0,1,33,3,0,1,Full-Time,Yes
EMP00696,57,Female,Research & Development,Healthcare Representative,2,Medical,Single,5,21,16,10,35,90077,31,2,4,3,1,No,Travel_Frequently,3,0,3,32,1,1,1,Full-Time,Yes
EMP00697,52,Male,Sales,Sales Executive,5,Technical Degree,Married,5,18,15,3,29,98863,97,1,2,3,3,No,Travel_Rarely,3,4,1,10,3,1,1,Contract,No
EMP00698,43,Female,Human Resources,Recruiter,3,Human Resources,Married,3,19,10,0,23,76562,77,1,2,1,1,No,Travel_Rarely,3,2,3,15,3,1,0,Full-Time,No
EMP00699,34,Male,Research & Development,Research Director,3,Life Sciences,Married,2,9,8,0,12,55784,32,3,3,4,2,Yes,Travel_Rarely,3,2,1,16,3,3,0,Contract,No
EMP00700,49,Female,Research & Development,Laboratory Technician,4,Medical,Married,4,17,11,0,26,75567,97,3,2,4,3,No,Travel_Rarely,4,2,3,27,4,1,0,Full-Time,No
EMP00701,36,Female,Research & Development,Manufacturing Director,4,Human Resources,Single,4,13,9,0,16,85927,35,4,3,1,1,No,Travel_Rarely,3,1,4,32,2,2,1,Full-Time,No
EMP00702,24,Male,Research & Development,Healthcare Representative,3,Human Resources,Married,2,0,0,0,1,63029,34,3,4,3,4,No,Travel_Rarely,4,5,4,6,3,1,1,Full-Time,No
EMP00703,48,Female,Research & Development,Healthcare Representative,3,Marketing,Single,4,6,2,1,27,98085,32,3,2,3,4,No,Non-Travel,3,5,7,36,2,2,1,Full-Time,No
EMP00704,23,Male,Sales,Sales Representative,1,Other,Married,2,0,0,0,0,48556,39,3,1,3,2,Yes,Travel_Rarely,3,5,1,8,3,0,0,Full-Time,Yes
EMP00705,29,Female,Research & Development,Laboratory Technician,1,Technical Degree,Married,2,1,0,0,6,64374,72,3,2,1,4,No,Travel_Rarely,3,2,6,25,3,0,0,Full-Time,No
EMP00706,36,Male,Human Resources,Human Resources,3,Marketing,Married,3,5,4,1,15,75871,48,3,3,3,2,No,Travel_Rarely,3,0,6,7,3,3,1,Full-Time,No
EMP00707,29,Female,Human Resources,HR Manager,3,Medical,Married,3,5,4,0,7,55517,43,4,3,2,1,No,Travel_Rarely,2,6,2,17,2,1,1,Full-Time,No
EMP00708,36,Female,Human Resources,Human Resources,3,Other,Married,4,7,6,3,15,67671,50,4,3,3,1,No,Travel_Rarely,3,1,6,30,3,1,1,Full-Time,No
EMP00709,39,Female,Research & Development,Laboratory Technician,2,Human Resources,Married,3,15,4,10,17,58854,72,4,4,4,3,No,Travel_Rarely,3,2,7,2,3,1,0,Full-Time,No
EMP00710,43,Female,Research & Development,Laboratory Technician,4,Marketing,Single,3,9,7,4,22,76477,57,4,1,4,3,Yes,Travel_Rarely,3,0,4,17,2,0,1,Full-Time,No
EMP00711,24,Male,Research & Development,Laboratory Technician,4,Other,Single,2,0,0,0,1,45209,50,3,3,1,2,No,Travel_Frequently,1,1,0,4,3,1,0,Full-Time,No
EMP00712,53,Male,Research & Development,Research Scientist,5,Technical Degree,Married,5,13,12,5,30,102834,65,3,3,3,4,Yes,Travel_Rarely,3,0,6,26,3,0,1,Full-Time,No
EMP00713,25,Male,Sales,Sales Executive,3,Medical,Divorced,1,1,0,0,3,29588,53,4,3,4,3,No,Travel_Frequently,3,4,0,14,4,1,1,Part-Time,Yes
EMP00714,21,Male,Research & Development,Laboratory Technician,4,Life Sciences,Married,1,0,0,0,0,43244,83,3,4,2,3,Yes,Travel_Rarely,4,0,3,8,4,1,1,Full-Time,No
EMP00715,32,Female,Sales,Sales Representative,4,Marketing,Married,2,7,4,3,12,49055,67,4,3,4,3,Yes,Travel_Rarely,3,1,2,5,3,1,1,Full-Time,No
EMP00716,30,Male,Research & Development,Manufacturing Director,3,Medical,Single,3,9,4,6,10,82156,46,4,4,4,4,No,Non-Travel,3,2,7,5,4,1,1,Full-Time,No
EMP00717,42,Female,Research & Development,Manufacturing Director,3,Life Sciences,Married,3,17,4,11,19,83313,51,4,2,4,1,No,Travel_Rarely,4,5,7,5,3,3,0,Full-Time,No
EMP00718,35,Female,Sales,Sales Representative,5,Marketing,Married,3,4,3,1,12,53743,74,2,1,2,2,No,Travel_Frequently,3,1,5,27,4,1,1,Full-Time,No
EMP00719,50,Female,Sales,Sales Manager,3,Medical,Single,4,17,14,5,30,84401,90,4,2,2,3,No,Travel_Rarely,3,2,3,5,1,2,0,Full-Time,No
EMP00720,30,Male,Sales,Sales Manager,3,Medical,Single,3,6,1,3,10,54326,40,3,3,4,3,No,Travel_Rarely,4,2,1,3,3,1,0,Full-Time,Yes
EMP00721,35,Female,Human Resources,Human Resources,2,Other,Divorced,3,12,9,7,13,82173,90,3,2,3,3,No,Travel_Rarely,3,6,6,38,3,1,1,Full-Time,No
EMP00722,27,Female,Research & Development,Research Director,2,Marketing,Single,2,5,3,0,6,53241,67,2,1,1,2,No,Travel_Frequently,3,3,7,30,3,0,1,Full-Time,No
EMP00723,23,Male,Research & Development,Research Director,4,Medical,Single,2,0,0,0,1,42598,95,4,3,3,3,No,Travel_Rarely,3,6,4,1,2,0,1,Full-Time,Yes
EMP00724,59,Female,Research & Development,Research Scientist,3,Human Resources,Single,5,30,12,4,39,84177,62,4,2,1,3,No,Travel_Rarely,4,4,2,8,2,1,0,Contract,No
EMP00725,23,Female,Research & Development,Research Scientist,3,Marketing,Divorced,2,0,0,0,0,50004,72,2,1,4,3,No,Travel_Rarely,4,3,3,13,2,0,1,Full-Time,No
EMP00726,44,Male,Research & Development,Manufacturing Director,2,Medical,Married,5,4,3,2,24,122770,60,3,2,3,2,No,Travel_Rarely,4,5,3,20,2,2,0,Part-Time,No
EMP00727,22,Male,Research & Development,Healthcare Representative,3,Other,Married,2,0,0,0,0,57429,64,3,4,4,3,Yes,Travel_Rarely,3,1,0,6,2,1,0,Full-Time,No
EMP00728,51,Male,Research & Development,Manufacturing Director,3,Life Sciences,Divorced,4,15,10,5,28,100137,66,4,2,4,3,No,Travel_Rarely,3,3,1,8,3,2,0,Full-Time,No
EMP00729,22,Male,Research & Development,Research Scientist,2,Life Sciences,Single,1,0,0,0,0,34096,76,3,4,1,3,Yes,Travel_Frequently,2,5,3,30,4,3,0,Part-Time,Yes
EMP00730,46,Male,Sales,Sales Representative,4,Human Resources,Married,4,5,2,1,23,67985,52,2,3,3,4,No,Travel_Frequently,3,2,7,15,3,0,1,Full-Time,No
EMP00731,48,Male,Human Resources,Recruiter,1,Marketing,Single,4,20,7,2,27,104298,65,3,3,4,3,Yes,Travel_Rarely,4,1,0,10,4,0,1,Full-Time,No
EMP00732,51,Male,Research & Development,Manufacturing Director,3,Other,Single,4,13,4,3,31,66969,69,3,2,3,1,No,Travel_Rarely,3,3,2,33,4,1,1,Full-Time,No
EMP00733,38,Male,Sales,Sales Executive,4,Medical,Married,3,10,7,2,16,83401,44,1,3,4,3,Yes,Travel_Rarely,3,0,3,9,3,0,1,Full-Time,No
EMP00734,40,Female,Research & Development,Manufacturing Director,2,Medical,Married,4,7,6,5,17,80678,66,3,3,4,4,No,Travel_Rarely,3,5,5,33,2,0,0,Contract,No
EMP00735,24,Male,Sales,Sales Representative,4,Life Sciences,Married,2,0,0,0,1,41042,33,4,3,1,3,No,Travel_Rarely,3,5,5,9,1,2,0,Part-Time,No
EMP00736,37,Female,Sales,Sales Manager,4,Other,Married,4,7,2,0,15,93177,51,4,2,4,3,No,Travel_Frequently,2,4,0,14,4,3,1,Full-Time,No
EMP00737,47,Male,Research & Development,Research Scientist,4,Human Resources,Married,4,9,6,5,25,104541,51,1,1,1,2,No,Travel_Frequently,3,0,5,32,1,2,1,Full-Time,Yes
EMP00738,41,Male,Sales,Sales Manager,2,Life Sciences,Single,4,11,9,0,18,103959,46,4,4,1,3,No,Travel_Rarely,3,1,7,37,3,1,1,Full-Time,No
EMP00739,40,Male,Research & Development,Research Scientist,2,Life Sciences,Single,4,6,4,0,18,72576,67,3,3,4,3,No,Travel_Frequently,3,3,1,6,3,0,0,Full-Time,No
EMP00740,25,Male,Research & Development,Laboratory Technician,2,Human Resources,Single,1,1,0,0,3,31040,53,2,3,4,4,No,Travel_Frequently,4,2,7,5,4,1,1,Full-Time,No
EMP00741,20,Male,Sales,Sales Executive,3,Marketing,Single,2,0,0,0,0,54372,35,1,3,3,3,No,Travel_Rarely,4,3,4,4,3,1,0,Full-Time,No
EMP00742,24,Female,Human Resources,Recruiter,4,Medical,Married,1,1,0,0,2,38565,97,2,4,2,3,No,Travel_Rarely,3,6,5,16,4,1,0,Contract,No
EMP00743,31,Male,Sales,Sales Executive,4,Marketing,Single,3,8,2,1,11,76841,35,4,3,3,3,No,Travel_Rarely,4,1,7,10,2,0,0,Full-Time,Yes
EMP00744,45,Female,Sales,Sales Executive,4,Other,Single,4,7,3,0,25,73360,55,1,3,2,3,No,Travel_Rarely,3,1,2,31,2,3,0,Full-Time,No
EMP00745,53,Female,Sales,Sales Manager,5,Technical Degree,Married,5,18,9,3,33,123643,70,2,4,2,4,No,Travel_Rarely,3,1,3,31,3,2,1,Full-Time,Yes
EMP00746,33,Male,Sales,Sales Representative,4,Technical Degree,Divorced,2,2,1,0,10,56129,67,4,4,2,3,Yes,Travel_Rarely,3,1,7,14,4,1,0,Full-Time,No
EMP00747,45,Male,Sales,Sales Manager,3,Technical Degree,Single,5,16,15,7,25,118437,72,3,1,3,4,No,Travel_Rarely,3,6,0,13,3,3,1,Contract,No
EMP00748,46,Female,Research & Development,Healthcare Representative,2,Human Resources,Single,5,10,8,1,25,104163,82,4,2,4,3,No,Travel_Rarely,3,5,3,4,4,0,1,Full-Time,No
EMP00749,28,Male,Human Resources,Recruiter,4,Life Sciences,Married,2,4,1,2,8,50742,44,4,4,2,1,No,Travel_Rarely,2,3,4,26,3,0,1,Full-Time,No
EMP00750,45,Male,Sales,Sales Executive,2,Marketing,Married,4,13,4,3,22,104410,85,1,4,2,3,No,Travel_Rarely,3,0,7,24,3,2,1,Full-Time,No
EMP00751,41,Female,Research & Development,Research Director,1,Medical,Married,4,18,8,13,20,89002,85,4,3,4,1,No,Travel_Frequently,3,2,3,9,3,3,1,Contract,No
EMP00752,49,Male,Research & Development,Research Scientist,3,Technical Degree,Married,5,18,7,9,29,119359,60,2,3,4,2,No,Travel_Rarely,3,2,3,35,3,1,1,Full-Time,No
EMP00753,36,Female,Research & Development,Research Director,4,Marketing,Divorced,3,9,6,3,15,83578,86,3,3,4,3,Yes,Travel_Rarely,2,4,0,15,2,0,1,Full-Time,Yes
EMP00754,45,Female,Research & Development,Laboratory Technician,2,Technical Degree,Married,5,12,11,7,24,110453,80,3,3,2,3,No,Travel_Frequently,3,5,7,24,4,2,1,Full-Time,No
EMP00755,55,Male,Sales,Sales Executive,4,Technical Degree,Married,5,30,29,19,32,104575,53,2,3,1,3,Yes,Travel_Frequently,3,1,4,31,4,0,1,Full-Time,No
EMP00756,20,Male,Research & Development,Research Scientist,4,Medical,Married,2,0,0,0,0,40884,87,4,1,3,1,Yes,Travel_Rarely,3,1,2,19,3,1,0,Part-Time,Yes
EMP00757,27,Male,Research & Development,Laboratory Technician,3,Other,Single,1,2,1,0,6,28710,33,3,4,3,3,No,Travel_Frequently,3,1,0,2,2,0,1,Full-Time,Yes
EMP00758,54,Male,Research & Development,Laboratory Technician,1,Other,Divorced,5,29,17,21,34,88389,39,1,4,3,3,No,Travel_Rarely,2,5,6,2,2,3,0,Full-Time,No
EMP00759,34,Male,Sales,Sales Executive,2,Other,Married,3,6,2,0,11,59409,92,4,3,3,4,Yes,Travel_Rarely,3,0,4,36,4,1,0,Full-Time,No
EMP00760,41,Female,Research & Development,Laboratory Technician,4,Human Resources,Single,3,17,10,0,20,61574,44,3,2,2,3,No,Travel_Rarely,4,1,4,37,1,2,0,Contract,Yes
EMP00761,33,Male,Human Resources,HR Manager,4,Life Sciences,Married,3,9,5,3,11,63155,92,3,2,3,3,No,Travel_Rarely,3,4,3,34,4,0,0,Full-Time,No
EMP00762,45,Male,Research & Development,Research Scientist,4,Human Resources,Single,5,8,6,5,23,95793,48,3,3,3,2,Yes,Travel_Rarely,3,4,1,39,3,0,0,Full-Time,No
EMP00763,47,Female,Human Resources,Human Resources,3,Marketing,Married,4,18,6,11,24,82700,92,4,3,3,3,Yes,Travel_Rarely,3,0,1,19,3,3,1,Full-Time,No
EMP00764,42,Female,Research & Development,Manufacturing Director,2,Human Resources,Married,3,9,4,6,22,56664,85,1,3,3,3,Yes,Travel_Rarely,3,5,7,38,4,0,0,Part-Time,Yes
EMP00765,33,Female,Research & Development,Research Director,2,Marketing,Married,2,4,1,1,11,41816,50,2,3,3,4,Yes,Non-Travel,3,1,2,23,1,1,0,Contract,No
EMP00766,43,Male,Research & Development,Laboratory Technician,4,Marketing,Married,4,9,8,0,21,92583,63,3,3,2,1,No,Non-Travel,4,6,3,16,3,0,0,Full-Time,No
EMP00767,21,Female,Research & Development,Laboratory Technician,2,Life Sciences,Single,2,0,0,0,0,53696,46,1,4,2,3,No,Travel_Rarely,1,3,1,6,4,2,1,Full-Time,No
EMP00768,45,Male,Sales,Sales Manager,3,Medical,Married,4,9,7,5,25,83621,47,4,1,3,3,No,Travel_Rarely,4,3,0,26,3,0,1,Full-Time,No
EMP00769,33,Male,Research & Development,Manufacturing Director,3,Life Sciences,Married,2,2,1,0,13,56026,95,3,3,1,1,Yes,Travel_Rarely,3,2,7,22,3,0,0,Full-Time,Yes
EMP00770,26,Male,Research & Development,Manufacturing Director,1,Other,Married,1,2,0,0,3,41706,80,2,4,3,3,No,Travel_Rarely,3,0,2,24,3,1,0,Full-Time,No
EMP00771,22,Female,Sales,Sales Executive,2,Other,Married,2,0,0,0,0,51064,94,1,3,4,4,No,Travel_Rarely,4,3,3,21,1,0,1,Full-Time,No
EMP00772,42,Male,Research & Development,Healthcare Representative,3,Human Resources,Married,4,5,4,2,20,91303,72,4,3,3,3,No,Travel_Rarely,4,2,5,30,2,0,1,Full-Time,No
EMP00773,37,Male,Research & Development,Healthcare Representative,2,Marketing,Married,4,6,3,4,17,103489,86,4,3,1,4,No,Travel_Rarely,4,4,0,11,3,1,0,Full-Time,Yes
EMP00774,57,Male,Human Resources,Recruiter,2,Technical Degree,Single,5,18,17,9,36,118092,39,3,4,4,1,No,Travel_Frequently,4,2,1,9,3,1,0,Full-Time,No
EMP00775,54,Male,Sales,Sales Manager,4,Technical Degree,Divorced,5,18,6,14,32,98859,66,3,1,2,3,Yes,Travel_Frequently,3,1,1,12,3,0,1,Part-Time,Yes
EMP00776,34,Female,Sales,Sales Executive,4,Marketing,Married,3,2,0,0,11,73858,77,2,3,1,3,No,Travel_Frequently,3,1,1,26,3,1,0,Part-Time,No
EMP00777,44,Female,Research & Development,Laboratory Technician,2,Life Sciences,Married,4,23,21,16,24,73205,98,3,1,3,3,No,Travel_Rarely,3,4,1,38,1,3,1,Full-Time,No
EMP00778,56,Female,Sales,Sales Executive,4,Medical,Single,5,25,21,16,33,105114,85,1,2,4,4,Yes,Travel_Rarely,3,0,4,3,3,0,0,Full-Time,Yes
EMP00779,47,Male,Research & Development,Laboratory Technician,3,Life Sciences,Single,4,11,10,2,24,104571,65,3,3,2,2,Yes,Travel_Rarely,3,5,5,33,1,1,0,Full-Time,No
EMP00780,29,Male,Research & Development,Laboratory Technician,3,Marketing,Married,2,4,2,3,9,53239,60,3,2,3,4,Yes,Travel_Frequently,3,1,2,15,1,1,1,Full-Time,No
EMP00781,58,Male,Sales,Sales Representative,4,Marketing,Divorced,5,20,18,4,36,122185,84,4,4,3,3,No,Travel_Rarely,3,1,2,5,3,0,1,Full-Time,No
EMP00782,36,Male,Research & Development,Manufacturing Director,4,Medical,Married,3,11,9,7,16,66381,67,3,4,1,2,Yes,Travel_Rarely,4,2,1,24,4,0,0,Full-Time,Yes
EMP00783,58,Male,Research & Development,Manufacturing Director,4,Human Resources,Divorced,5,11,9,7,36,125496,44,4,2,2,4,Yes,Travel_Rarely,3,2,2,11,2,1,1,Full-Time,No
EMP00784,41,Female,Research & Development,Research Scientist,2,Human Resources,Married,4,6,3,3,18,88889,45,3,3,4,3,No,Travel_Rarely,1,2,5,33,3,2,1,Full-Time,No
EMP00785,45,Male,Human Resources,Recruiter,1,Medical,Married,4,22,11,9,25,67948,82,4,3,3,4,No,Travel_Rarely,3,3,0,23,3,0,0,Full-Time,No
EMP00786,44,Male,Research & Development,Laboratory Technician,4,Human Resources,Single,5,9,8,0,23,106334,85,3,4,1,3,Yes,Non-Travel,3,6,0,10,2,2,1,Full-Time,No
EMP00787,36,Male,Research & Development,Manufacturing Director,3,Technical Degree,Married,4,7,3,2,14,77008,36,2,3,2,4,No,Travel_Frequently,3,4,6,28,3,1,0,Full-Time,No
EMP00788,32,Male,Research & Development,Healthcare Representative,2,Human Resources,Single,2,9,5,2,11,41579,86,4,1,3,3,No,Travel_Rarely,4,0,2,39,4,0,0,Full-Time,No
EMP00789,39,Male,Research & Development,Manufacturing Director,4,Human Resources,Divorced,4,12,6,7,17,98313,84,1,4,4,2,No,Travel_Rarely,3,2,1,17,3,1,0,Full-Time,No
EMP00790,44,Female,Human Resources,HR Manager,4,Human Resources,Divorced,5,11,7,6,24,91871,81,1,4,2,3,No,Travel_Rarely,4,0,3,26,2,3,1,Full-Time,No
EMP00791,23,Female,Research & Development,Research Scientist,4,Technical Degree,Divorced,2,1,0,0,2,59917,33,1,3,3,2,No,Travel_Rarely,3,6,5,25,3,0,1,Full-Time,No
EMP00792,29,Female,Research & Development,Research Director,3,Human Resources,Married,3,1,0,0,9,62628,72,4,4,2,3,No,Travel_Rarely,3,2,1,36,3,1,1,Part-Time,No
EMP00793,22,Male,Research & Development,Manufacturing Director,4,Other,Married,2,0,0,0,0,45463,69,1,4,2,2,Yes,Travel_Rarely,3,1,4,12,1,1,0,Full-Time,No
EMP00794,37,Male,Sales,Sales Manager,1,Technical Degree,Married,4,8,4,6,15,104283,59,4,3,1,1,No,Travel_Rarely,1,6,7,3,1,0,1,Full-Time,No
EMP00795,55,Male,Research & Development,Laboratory Technician,1,Medical,Single,5,28,18,17,33,95866,39,3,3,4,2,No,Travel_Rarely,1,0,3,29,2,0,1,Full-Time,No
EMP00796,41,Male,Sales,Sales Executive,3,Life Sciences,Married,4,18,5,1,19,89753,36,1,4,3,3,No,Travel_Rarely,2,3,5,24,2,0,1,Full-Time,No
EMP00797,53,Female,Research & Development,Research Director,1,Medical,Single,5,28,5,1,30,107414,65,3,2,4,3,No,Travel_Rarely,3,2,4,19,2,0,0,Full-Time,No
EMP00798,27,Male,Research & Development,Laboratory Technician,3,Life Sciences,Married,1,4,1,0,5,37297,64,2,2,4,3,No,Travel_Rarely,3,5,2,13,3,0,1,Full-Time,Yes
EMP00799,59,Male,Human Resources,HR Manager,4,Medical,Single,5,23,17,11,38,121583,68,3,2,4,2,Yes,Travel_Frequently,4,4,4,16,3,2,1,Full-Time,No
EMP00800,38,Male,Research & Development,Manufacturing Director,3,Other,Single,4,7,1,3,16,92603,65,3,4,2,3,Yes,Non-Travel,3,1,2,27,4,3,1,Part-Time,No
EMP00801,56,Male,Research & Development,Manufacturing Director,2,Life Sciences,Married,5,20,18,15,36,97823,49,3,4,2,3,Yes,Non-Travel,3,6,4,6,3,0,0,Part-Time,No
EMP00802,25,Female,Research & Development,Manufacturing Director,2,Life Sciences,Married,2,1,0,0,2,61497,78,1,1,4,3,No,Travel_Rarely,3,6,3,10,4,0,0,Full-Time,Yes
EMP00803,45,Male,Research & Development,Research Director,3,Marketing,Married,4,21,7,5,24,73361,88,3,4,4,4,Yes,Travel_Rarely,3,2,4,38,3,0,1,Full-Time,No
EMP00804,53,Male,Human Resources,Human Resources,3,Life Sciences,Single,5,10,3,4,30,104357,78,4,4,4,3,No,Travel_Rarely,3,6,1,8,1,0,1,Full-Time,No
EMP00805,25,Male,Research & Development,Manufacturing Director,4,Life Sciences,Married,1,1,0,0,2,43734,55,4,4,1,3,Yes,Travel_Rarely,3,0,2,18,3,0,1,Full-Time,Yes
EMP00806,56,Male,Research & Development,Research Scientist,4,Marketing,Single,5,28,22,20,33,108130,65,4,1,3,2,No,Travel_Rarely,3,2,0,32,4,0,1,Contract,No
EMP00807,52,Female,Sales,Sales Manager,3,Human Resources,Married,5,31,27,19,32,117039,72,2,3,4,1,Yes,Travel_Frequently,3,1,4,17,2,3,0,Full-Time,No
EMP00808,41,Female,Research & Development,Healthcare Representative,4,Human Resources,Married,3,16,11,5,18,74137,72,4,3,1,4,No,Travel_Rarely,3,4,2,2,1,0,1,Full-Time,No
EMP00809,40,Female,Research & Development,Research Scientist,2,Marketing,Married,4,7,2,3,17,99035,62,2,3,3,4,No,Travel_Rarely,3,4,0,20,2,1,1,Full-Time,No
EMP00810,25,Female,Research & Development,Research Director,2,Technical Degree,Married,1,0,0,0,3,43634,74,1,3,3,2,No,Non-Travel,2,4,2,10,3,0,1,Full-Time,No
EMP00811,25,Male,Sales,Sales Executive,4,Life Sciences,Single,2,1,0,0,5,47350,74,4,4,1,3,No,Travel_Rarely,3,5,7,9,2,0,1,Full-Time,No
EMP00812,23,Female,Research & Development,Healthcare Representative,3,Life Sciences,Married,1,0,0,0,2,30849,44,4,3,2,3,No,Travel_Rarely,3,1,6,39,2,2,1,Part-Time,No
EMP00813,49,Male,Sales,Sales Representative,5,Marketing,Married,5,19,7,2,28,101555,46,3,4,2,3,Yes,Travel_Rarely,3,5,2,25,2,0,1,Full-Time,No
EMP00814,30,Male,Research & Development,Research Director,3,Marketing,Married,3,7,5,0,9,75658,41,2,2,1,4,Yes,Travel_Frequently,3,5,7,25,3,3,1,Part-Time,No
EMP00815,49,Female,Human Resources,HR Manager,4,Technical Degree,Married,5,26,14,14,29,89614,51,2,2,3,2,Yes,Non-Travel,3,6,0,24,3,0,1,Full-Time,No
EMP00816,50,Male,Research & Development,Healthcare Representative,3,Other,Single,5,20,8,1,29,79240,52,3,1,2,3,No,Travel_Rarely,3,2,0,6,3,1,1,Full-Time,No
EMP00817,43,Female,Sales,Sales Manager,3,Human Resources,Married,4,4,2,0,23,79674,41,4,3,2,1,Yes,Travel_Rarely,4,1,3,30,3,3,1,Full-Time,No
EMP00818,28,Male,Research & Development,Research Director,3,Medical,Married,2,2,0,0,6,64052,97,1,3,4,3,Yes,Travel_Rarely,3,1,5,10,3,0,1,Full-Time,No
EMP00819,22,Female,Research & Development,Healthcare Representative,4,Other,Single,2,0,0,0,0,57479,80,4,4,3,1,No,Non-Travel,4,6,6,39,2,0,1,Full-Time,No
EMP00820,50,Female,Research & Development,Laboratory Technician,3,Human Resources,Single,5,14,5,4,30,97711,42,2,3,3,4,No,Travel_Frequently,3,2,4,31,3,2,1,Contract,No
EMP00821,59,Female,Human Resources,Recruiter,5,Life Sciences,Single,5,22,17,11,38,88004,86,4,3,4,3,No,Travel_Frequently,3,3,4,18,1,0,1,Full-Time,No
EMP00822,56,Female,Sales,Sales Executive,2,Other,Divorced,5,8,2,0,36,95608,84,4,3,4,4,No,Travel_Frequently,3,5,6,33,3,1,0,Full-Time,No
EMP00823,55,Female,Research & Development,Research Director,2,Marketing,Married,5,16,15,1,35,86947,57,3,1,1,1,No,Travel_Rarely,1,4,2,19,3,0,1,Full-Time,No
EMP00824,43,Male,Research & Development,Research Director,3,Technical Degree,Single,4,6,2,2,20,70445,73,3,2,3,2,No,Travel_Rarely,4,0,6,23,2,0,0,Full-Time,Yes
EMP00825,50,Male,Research & Development,Healthcare Representative,3,Human Resources,Married,4,21,19,5,30,101662,48,4,3,3,2,Yes,Non-Travel,4,5,1,5,2,0,1,Full-Time,No
EMP00826,25,Male,Sales,Sales Executive,4,Technical Degree,Married,2,1,0,0,2,64743,75,3,3,2,3,No,Travel_Frequently,3,0,7,26,2,3,1,Full-Time,No
EMP00827,21,Female,Research & Development,Healthcare Representative,3,Human Resources,Married,2,0,0,0,0,44738,32,3,4,4,4,No,Travel_Rarely,3,2,1,29,1,0,0,Part-Time,Yes
EMP00828,39,Male,Research & Development,Manufacturing Director,4,Other,Single,3,8,4,5,16,55267,49,3,3,4,3,Yes,Travel_Rarely,3,0,5,24,2,0,0,Full-Time,No
EMP00829,47,Female,Research & Development,Research Director,3,Life Sciences,Single,4,26,20,14,27,79159,54,2,4,4,2,No,Travel_Rarely,4,3,2,6,4,1,1,Full-Time,No
EMP00830,30,Male,Sales,Sales Manager,3,Medical,Divorced,2,2,0,0,8,51879,85,4,3,2,1,No,Non-Travel,3,1,3,39,3,0,0,Full-Time,No
EMP00831,23,Male,Research & Development,Research Director,4,Technical Degree,Single,2,0,0,0,0,45715,90,2,4,2,1,Yes,Travel_Rarely,3,4,0,4,3,0,1,Full-Time,No
EMP00832,34,Female,Sales,Sales Manager,2,Technical Degree,Single,2,11,6,8,14,48034,84,4,2,4,3,No,Travel_Rarely,3,0,2,26,3,0,1,Full-Time,No
EMP00833,25,Male,Sales,Sales Executive,3,Medical,Divorced,2,1,0,0,3,45620,64,2,3,3,3,Yes,Travel_Frequently,4,0,7,15,3,1,0,Part-Time,No
EMP00834,49,Male,Sales,Sales Representative,5,Technical Degree,Married,4,24,23,8,26,96496,88,4,3,2,3,No,Travel_Frequently,4,2,4,13,4,1,0,Part-Time,No
EMP00835,57,Male,Human Resources,Human Resources,4,Technical Degree,Single,5,18,4,10,37,112184,68,2,4,4,3,No,Travel_Rarely,4,2,1,22,4,0,1,Full-Time,No
EMP00836,21,Female,Research & Development,Healthcare Representative,3,Human Resources,Single,2,0,0,0,1,56038,86,2,2,2,2,No,Travel_Frequently,3,6,7,13,3,0,0,Full-Time,Yes
EMP00837,34,Female,Research & Development,Manufacturing Director,3,Human Resources,Single,2,3,2,1,13,50093,96,2,3,2,2,Yes,Travel_Rarely,3,1,1,39,4,1,1,Full-Time,No
EMP00838,30,Male,Sales,Sales Manager,2,Medical,Single,2,6,3,2,9,62616,63,4,2,4,3,Yes,Travel_Frequently,3,4,1,17,2,2,1,Contract,Yes
EMP00839,27,Male,Research & Development,Research Director,3,Life Sciences,Divorced,2,1,0,0,4,64068,70,3,3,2,3,Yes,Travel_Rarely,3,6,3,36,3,0,1,Contract,No
EMP00840,45,Male,Research & Development,Healthcare Representative,4,Other,Married,5,7,2,0,22,87124,51,4,2,1,3,Yes,Travel_Rarely,3,6,4,39,4,0,0,Full-Time,Yes
EMP00841,24,Female,Research & Development,Research Director,4,Other,Married,2,0,0,0,1,46152,56,2,1,2,1,No,Travel_Rarely,1,0,3,25,3,0,1,Full-Time,No
EMP00842,25,Female,Human Resources,Human Resources,2,Technical Degree,Divorced,1,3,1,1,5,36722,50,3,3,3,1,No,Non-Travel,3,1,0,34,4,1,1,Contract,No
EMP00843,45,Male,Sales,Sales Representative,2,Life Sciences,Married,4,5,4,0,22,69858,70,4,2,1,2,No,Travel_Rarely,3,4,2,21,2,3,1,Full-Time,No
EMP00844,23,Male,Research & Development,Research Director,2,Medical,Single,1,2,1,1,3,35251,60,2,2,3,1,No,Non-Travel,4,1,2,25,3,0,1,Part-Time,No
EMP00845,38,Male,Sales,Sales Representative,2,Medical,Married,3,10,9,7,15,71876,56,3,2,3,2,No,Travel_Frequently,2,0,6,25,4,0,1,Full-Time,No
EMP00846,39,Female,Research & Development,Laboratory Technician,1,Human Resources,Divorced,3,6,1,4,19,69995,66,3,1,4,3,No,Travel_Rarely,3,2,1,22,3,0,0,Full-Time,No
EMP00847,52,Female,Sales,Sales Executive,3,Technical Degree,Married,5,18,7,12,32,94437,95,3,4,2,2,No,Travel_Rarely,3,2,6,23,3,0,1,Full-Time,No
EMP00848,39,Male,Sales,Sales Representative,2,Marketing,Single,3,13,4,10,18,70637,83,2,3,4,2,Yes,Travel_Rarely,3,2,1,25,1,0,1,Full-Time,Yes
EMP00849,31,Male,Research & Development,Research Director,2,Medical,Married,3,5,1,0,9,83752,38,3,4,2,4,No,Travel_Rarely,4,3,0,14,3,3,1,Part-Time,No
EMP00850,20,Male,Research & Development,Healthcare Representative,3,Technical Degree,Married,1,0,0,0,0,31449,71,2,3,3,3,No,Travel_Rarely,3,1,7,14,4,0,0,Full-Time,Yes
EMP00851,45,Female,Research & Development,Manufacturing Director,2,Life Sciences,Divorced,5,10,7,6,22,109499,65,4,4,3,4,No,Travel_Rarely,2,0,3,26,3,2,0,Full-Time,No
EMP00852,33,Male,Research & Development,Laboratory Technician,1,Human Resources,Single,2,8,3,1,12,41841,39,4,3,1,2,No,Travel_Rarely,2,1,5,30,1,0,1,Full-Time,No
EMP00853,57,Female,Research & Development,Healthcare Representative,3,Other,Married,5,32,19,2,34,82138,88,3,3,4,3,No,Travel_Rarely,3,2,5,26,1,2,0,Full-Time,No
EMP00854,56,Female,Sales,Sales Manager,2,Life Sciences,Divorced,5,24,21,18,33,104710,69,3,3,2,2,Yes,Travel_Rarely,3,5,5,38,4,1,0,Full-Time,Yes
EMP00855,30,Male,Research & Development,Healthcare Representative,3,Medical,Married,2,2,1,0,10,43318,83,1,4,2,3,Yes,Travel_Rarely,3,5,4,22,3,0,1,Full-Time,Yes
EMP00856,55,Male,Sales,Sales Representative,2,Medical,Married,5,19,9,13,35,80089,68,4,3,3,2,No,Travel_Rarely,3,1,0,39,2,3,1,Full-Time,No
EMP00857,32,Male,Research & Development,Research Director,4,Life Sciences,Single,2,9,4,0,10,44916,36,2,2,3,1,No,Travel_Rarely,2,4,2,39,1,0,0,Full-Time,Yes
EMP00858,22,Female,Research & Development,Research Director,5,Medical,Single,1,0,0,0,2,37370,33,3,1,2,4,No,Travel_Frequently,4,5,2,34,4,1,1,Part-Time,Yes
EMP00859,52,Female,Research & Development,Research Director,4,Technical Degree,Single,5,31,10,11,32,111755,44,4,3,2,3,No,Travel_Frequently,4,5,3,25,4,2,1,Full-Time,No
EMP00860,25,Female,Sales,Sales Executive,3,Medical,Divorced,1,2,1,0,3,31390,77,3,3,1,4,No,Travel_Rarely,4,1,6,36,2,0,1,Full-Time,No
EMP00861,29,Male,Research & Development,Manufacturing Director,4,Human Resources,Single,3,1,0,0,6,74600,35,4,1,3,2,No,Travel_Rarely,4,6,0,13,2,1,1,Part-Time,No
EMP00862,24,Male,Human Resources,Recruiter,4,Technical Degree,Married,1,1,0,0,2,31060,64,3,3,3,2,Yes,Travel_Rarely,3,3,4,29,3,2,0,Full-Time,Yes
EMP00863,42,Female,Research & Development,Research Director,1,Marketing,Married,3,9,7,0,20,72873,97,1,3,2,3,Yes,Travel_Rarely,3,3,0,9,3,3,1,Full-Time,No
EMP00864,29,Female,Research & Development,Research Scientist,3,Medical,Single,2,6,4,0,7,50687,87,4,4,1,3,Yes,Travel_Rarely,3,2,0,15,4,1,0,Full-Time,No
EMP00865,21,Male,Research & Development,Research Director,4,Medical,Married,1,0,0,0,0,38837,48,1,1,3,3,No,Travel_Frequently,2,0,3,31,3,0,1,Full-Time,Yes
EMP00866,32,Female,Sales,Sales Executive,3,Human Resources,Married,2,4,1,0,9,64681,91,4,2,4,4,No,Travel_Rarely,3,6,7,27,3,1,1,Full-Time,No
EMP00867,59,Female,Research & Development,Research Director,1,Human Resources,Divorced,5,26,21,16,38,122658,39,1,4,4,1,Yes,Travel_Rarely,2,4,4,31,3,1,0,Part-Time,No
EMP00868,21,Male,Research & Development,Laboratory Technician,4,Other,Married,1,0,0,0,0,28120,54,4,3,4,3,Yes,Travel_Rarely,3,6,5,10,4,1,1,Full-Time,No
EMP00869,39,Female,Sales,Sales Representative,4,Life Sciences,Married,4,4,1,0,19,100832,73,2,2,1,2,No,Non-Travel,3,0,2,37,3,2,0,Part-Time,No
EMP00870,20,Female,Sales,Sales Executive,2,Life Sciences,Single,1,0,0,0,0,29147,87,3,4,4,2,No,Travel_Rarely,3,0,7,7,2,0,0,Full-Time,No
EMP00871,56,Female,Sales,Sales Manager,3,Life Sciences,Divorced,5,11,3,0,34,123366,54,3,3,2,3,No,Travel_Rarely,1,4,1,32,2,0,1,Full-Time,No
EMP00872,28,Male,Research & Development,Manufacturing Director,2,Human Resources,Single,2,3,2,0,7,47563,69,3,3,4,3,No,Travel_Rarely,3,3,6,11,4,1,1,Full-Time,No
EMP00873,36,Male,Human Resources,Human Resources,4,Life Sciences,Married,4,7,2,1,16,81199,99,2,4,2,2,Yes,Travel_Rarely,1,6,5,28,3,3,0,Full-Time,No
EMP00874,28,Female,Sales,Sales Representative,2,Life Sciences,Single,3,4,2,2,8,56436,39,3,4,3,2,No,Travel_Frequently,4,5,4,4,3,1,1,Part-Time,No
EMP00875,30,Male,Research & Development,Laboratory Technician,3,Marketing,Divorced,2,4,2,2,10,43494,95,2,3,3,3,Yes,Non-Travel,3,2,2,31,3,3,0,Full-Time,Yes
EMP00876,34,Male,Sales,Sales Executive,4,Life Sciences,Married,2,3,1,1,11,58241,54,3,1,3,3,No,Travel_Frequently,3,1,5,29,2,3,0,Part-Time,No
EMP00877,43,Male,Human Resources,HR Manager,3,Medical,Married,3,6,5,1,22,83296,40,3,2,4,2,No,Travel_Rarely,3,3,7,33,1,3,0,Full-Time,No
EMP00878,57,Male,Sales,Sales Executive,4,Other,Single,5,7,6,1,34,107449,65,3,1,4,2,No,Travel_Frequently,2,2,7,4,2,3,0,Full-Time,No
EMP00879,54,Female,Research & Development,Laboratory Technician,3,Human Resources,Married,5,19,10,8,34,112337,78,2,1,4,1,No,Travel_Rarely,3,5,3,26,3,2,0,Contract,No
EMP00880,49,Female,Research & Development,Research Scientist,2,Technical Degree,Married,5,27,5,15,29,114481,77,4,3,3,4,No,Travel_Rarely,3,3,6,31,3,2,1,Full-Time,No
EMP00881,50,Male,Research & Development,Laboratory Technician,3,Other,Married,4,8,4,6,30,76549,36,3,4,3,4,No,Travel_Frequently,4,6,4,31,4,1,1,Full-Time,No
EMP00882,24,Male,Research & Development,Research Director,2,Marketing,Single,2,1,0,0,2,41885,80,2,4,1,3,No,Travel_Rarely,3,4,4,27,4,0,1,Full-Time,No
EMP00883,33,Male,Research & Development,Manufacturing Director,3,Human Resources,Divorced,3,9,5,0,12,53608,46,3,3,4,4,No,Non-Travel,2,0,2,25,3,0,1,Part-Time,No
EMP00884,30,Female,Research & Development,Laboratory Technician,2,Human Resources,Divorced,2,5,3,2,8,49215,61,4,3,3,3,Yes,Travel_Rarely,3,4,2,36,3,0,1,Full-Time,No
EMP00885,28,Female,Sales,Sales Representative,4,Medical,Single,2,3,0,1,5,46595,55,1,1,4,1,No,Travel_Rarely,3,5,0,31,1,0,0,Contract,No
EMP00886,53,Male,Sales,Sales Manager,5,Other,Married,5,26,18,17,31,81947,51,3,2,3,2,No,Travel_Rarely,2,1,7,37,1,0,0,Part-Time,No
EMP00887,31,Female,Research & Development,Manufacturing Director,5,Other,Married,2,2,0,1,10,45108,42,3,1,3,4,No,Travel_Rarely,3,4,0,23,2,3,0,Full-Time,No
EMP00888,54,Female,Sales,Sales Executive,3,Life Sciences,Married,5,19,15,14,32,84839,41,2,4,4,3,No,Travel_Rarely,4,5,4,35,3,1,1,Full-Time,No
EMP00889,54,Female,Sales,Sales Executive,2,Medical,Single,5,25,11,10,34,121591,30,4,1,2,4,No,Travel_Rarely,3,0,1,4,2,0,0,Full-Time,No
EMP00890,20,Female,Research & Development,Healthcare Representative,3,Life Sciences,Married,1,0,0,0,0,30364,62,3,4,2,4,No,Travel_Rarely,3,3,3,28,2,2,1,Full-Time,No
EMP00891,59,Male,Human Resources,Recruiter,4,Life Sciences,Married,5,31,7,24,36,104050,43,2,3,2,3,No,Travel_Rarely,3,2,2,13,3,1,1,Full-Time,No
EMP00892,41,Female,Research & Development,Manufacturing Director,2,Human Resources,Married,3,5,2,3,21,72232,93,4,2,4,1,Yes,Travel_Rarely,4,5,0,1,3,0,1,Full-Time,No
EMP00893,48,Male,Sales,Sales Manager,5,Other,Married,4,21,16,5,28,87496,72,3,2,1,2,Yes,Travel_Frequently,3,5,3,12,3,2,1,Full-Time,No
EMP00894,27,Female,Sales,Sales Executive,3,Life Sciences,Married,2,4,1,0,7,43177,87,4,3,1,1,No,Non-Travel,3,6,6,26,3,0,0,Full-Time,No
EMP00895,30,Female,Human Resources,HR Manager,5,Marketing,Married,2,4,3,1,9,48451,70,3,4,2,2,No,Travel_Rarely,4,1,5,23,2,1,0,Part-Time,No
EMP00896,56,Female,Sales,Sales Manager,4,Marketing,Single,5,16,11,5,34,81434,97,4,4,3,3,No,Travel_Rarely,2,3,5,22,1,0,1,Full-Time,No
EMP00897,33,Female,Sales,Sales Representative,4,Other,Divorced,2,6,4,4,10,50296,68,4,2,3,2,No,Travel_Rarely,3,5,7,28,2,1,0,Full-Time,No
EMP00898,49,Male,Research & Development,Laboratory Technician,3,Marketing,Married,4,24,11,1,27,73655,30,1,3,1,2,No,Non-Travel,4,5,4,17,1,2,0,Full-Time,No
EMP00899,54,Male,Research & Development,Laboratory Technician,1,Human Resources,Single,5,20,11,4,34,105165,70,4,2,4,3,No,Non-Travel,3,2,2,6,3,0,1,Full-Time,No
EMP00900,40,Female,Research & Development,Research Director,3,Medical,Single,4,17,11,10,20,93319,74,3,4,4,2,No,Travel_Rarely,3,0,7,14,3,3,0,Full-Time,Yes
EMP00901,56,Female,Sales,Sales Executive,3,Technical Degree,Married,5,17,9,1,34,103793,42,1,4,2,3,No,Travel_Frequently,3,4,5,17,2,0,1,Contract,No
EMP00902,24,Male,Sales,Sales Representative,1,Life Sciences,Divorced,1,0,0,0,1,35214,38,3,3,4,3,No,Travel_Rarely,3,6,6,38,3,1,0,Full-Time,No
EMP00903,38,Male,Human Resources,Recruiter,3,Technical Degree,Married,4,4,2,1,17,81406,92,1,3,3,3,Yes,Travel_Rarely,3,3,2,5,4,3,1,Full-Time,No
EMP00904,33,Male,Sales,Sales Executive,3,Medical,Married,2,2,0,0,11,61000,52,4,3,2,4,Yes,Travel_Rarely,3,2,0,13,2,3,1,Full-Time,No
EMP00905,45,Female,Research & Development,Manufacturing Director,3,Medical,Single,5,12,4,1,25,89250,83,3,2,2,2,No,Travel_Rarely,3,2,5,9,2,0,0,Full-Time,No
EMP00906,23,Female,Research & Development,Research Scientist,3,Human Resources,Married,2,1,0,0,3,58421,76,4,1,3,1,No,Non-Travel,3,4,1,26,3,0,1,Full-Time,Yes
EMP00907,44,Male,Research & Development,Manufacturing Director,2,Marketing,Divorced,5,17,7,6,23,114272,68,2,3,3,4,Yes,Travel_Rarely,3,3,5,13,3,1,1,Full-Time,No
EMP00908,44,Male,Sales,Sales Manager,5,Marketing,Married,4,17,13,12,22,82648,55,3,4,2,3,Yes,Travel_Rarely,4,3,2,19,3,0,1,Full-Time,No
EMP00909,37,Female,Sales,Sales Executive,2,Medical,Single,3,3,2,1,16,62914,30,2,3,4,3,No,Travel_Rarely,2,6,1,17,3,1,1,Full-Time,No
EMP00910,59,Female,Research & Development,Research Director,3,Human Resources,Married,5,14,5,3,38,100930,43,3,1,3,2,No,Non-Travel,4,0,3,16,1,2,1,Full-Time,No
EMP00911,27,Male,Research & Development,Laboratory Technician,3,Human Resources,Single,2,1,0,0,4,43037,94,4,4,3,4,Yes,Travel_Rarely,3,3,5,30,3,1,1,Full-Time,No
EMP00912,58,Male,Human Resources,Recruiter,4,Other,Married,5,22,13,0,35,81185,98,4,2,2,4,Yes,Travel_Frequently,3,6,2,32,2,0,0,Full-Time,Yes
EMP00913,59,Male,Sales,Sales Representative,1,Life Sciences,Married,5,12,11,5,39,84239,96,4,2,3,3,No,Travel_Frequently,4,5,5,14,3,1,1,Full-Time,No
EMP00914,33,Male,Sales,Sales Manager,3,Marketing,Married,3,3,2,0,11,59445,78,4,2,2,2,No,Travel_Rarely,3,4,5,15,4,3,0,Full-Time,Yes
EMP00915,51,Male,Human Resources,Human Resources,3,Medical,Single,4,26,20,8,28,85962,79,1,3,3,4,Yes,Non-Travel,2,3,2,12,2,1,0,Part-Time,No
EMP00916,57,Female,Research & Development,Research Scientist,2,Other,Divorced,5,31,8,14,37,118534,87,2,3,4,3,No,Travel_Rarely,2,0,1,37,1,1,0,Part-Time,No
EMP00917,52,Female,Human Resources,Recruiter,3,Technical Degree,Married,5,10,3,2,30,90007,82,3,3,4,3,No,Travel_Rarely,3,2,0,11,2,0,1,Full-Time,No
EMP00918,42,Female,Sales,Sales Executive,5,Marketing,Married,4,11,2,1,22,102771,86,3,4,3,1,No,Travel_Rarely,3,5,6,5,2,0,1,Full-Time,No
EMP00919,34,Female,Research & Development,Research Director,5,Life Sciences,Married,2,5,3,3,11,63717,47,2,2,3,3,No,Travel_Rarely,4,3,5,11,2,0,1,Full-Time,No
EMP00920,52,Male,Research & Development,Healthcare Representative,1,Human Resources,Married,5,26,12,19,32,123639,45,3,4,4,2,No,Travel_Rarely,3,4,4,34,3,1,1,Full-Time,No
EMP00921,44,Male,Research & Development,Laboratory Technician,2,Medical,Married,5,13,10,1,22,117996,31,3,2,3,2,No,Travel_Frequently,4,3,3,19,4,0,1,Contract,No
EMP00922,36,Male,Research & Development,Laboratory Technician,3,Marketing,Married,4,4,1,0,14,80489,42,3,4,1,3,No,Travel_Rarely,3,6,2,26,3,1,1,Full-Time,No
EMP00923,52,Male,Sales,Sales Representative,3,Technical Degree,Married,5,25,21,19,32,82429,74,4,3,3,2,Yes,Travel_Rarely,4,1,5,26,2,1,0,Contract,No
EMP00924,21,Female,Research & Development,Research Director,2,Life Sciences,Single,1,0,0,0,0,37435,72,3,3,1,3,No,Travel_Rarely,2,0,6,17,2,1,0,Full-Time,No
EMP00925,33,Female,Sales,Sales Manager,2,Life Sciences,Married,2,5,1,3,13,54208,83,1,3,4,3,No,Travel_Frequently,4,2,0,31,2,0,1,Full-Time,No
EMP00926,59,Male,Research & Development,Laboratory Technician,5,Other,Married,5,18,8,0,37,118573,60,1,3,3,2,No,Travel_Rarely,3,1,2,19,2,2,1,Full-Time,No
EMP00927,59,Male,Human Resources,Recruiter,5,Marketing,Single,5,23,12,16,39,125363,38,4,1,3,3,Yes,Travel_Frequently,4,4,7,20,3,1,1,Contract,No
EMP00928,58,Female,Research & Development,Laboratory Technician,1,Technical Degree,Married,5,18,8,4,38,102679,77,4,4,1,4,No,Travel_Rarely,2,3,5,23,1,0,1,Full-Time,No
EMP00929,25,Male,Research & Development,Manufacturing Director,3,Life Sciences,Divorced,2,1,0,0,5,49084,47,3,1,3,2,Yes,Travel_Rarely,3,0,3,25,4,0,1,Full-Time,Yes
EMP00930,25,Male,Sales,Sales Manager,3,Medical,Divorced,1,2,0,0,4,31117,40,3,1,4,3,No,Travel_Frequently,3,5,4,28,3,1,0,Full-Time,No
EMP00931,22,Female,Research & Development,Healthcare Representative,2,Life Sciences,Married,1,0,0,0,0,28129,91,4,3,1,2,Yes,Non-Travel,4,6,2,37,3,0,0,Contract,No
EMP00932,26,Female,Human Resources,Recruiter,3,Technical Degree,Single,1,2,1,0,3,36450,48,3,4,3,3,No,Travel_Frequently,3,6,5,12,3,0,1,Full-Time,Yes
EMP00933,27,Male,Sales,Sales Manager,3,Human Resources,Married,1,2,0,0,7,37216,53,4,1,4,2,No,Travel_Rarely,3,3,1,1,3,0,0,Full-Time,No
EMP00934,34,Male,Sales,Sales Representative,4,Human Resources,Single,2,3,2,1,13,60598,42,4,4,3,3,No,Travel_Frequently,3,3,0,2,3,0,1,Full-Time,No
EMP00935,48,Female,Research & Development,Manufacturing Director,4,Other,Divorced,4,18,17,7,25,85978,75,3,4,3,1,Yes,Travel_Rarely,3,3,4,10,2,3,1,Part-Time,No
EMP00936,52,Male,Sales,Sales Executive,3,Marketing,Single,5,26,7,19,32,121665,82,3,3,3,4,No,Travel_Rarely,2,5,2,34,2,1,1,Full-Time,No
EMP00937,49,Male,Research & Development,Laboratory Technician,4,Technical Degree,Single,5,22,9,7,26,108255,58,2,3,3,3,No,Travel_Rarely,3,3,5,32,4,1,1,Full-Time,No
EMP00938,58,Female,Human Resources,Human Resources,2,Other,Married,5,22,10,15,37,118125,65,2,4,2,3,No,Non-Travel,3,0,4,25,2,3,1,Full-Time,No
EMP00939,46,Male,Research & Development,Laboratory Technician,3,Life Sciences,Married,5,8,6,2,23,85946,46,4,2,1,3,Yes,Travel_Frequently,3,5,1,10,3,1,1,Full-Time,Yes
EMP00940,55,Female,Sales,Sales Representative,3,Life Sciences,Married,5,27,18,21,35,118823,77,4,3,3,3,Yes,Travel_Rarely,4,5,2,1,3,1,0,Full-Time,No
EMP00941,48,Male,Research & Development,Research Director,2,Human Resources,Married,4,18,12,13,25,92630,53,4,4,4,3,No,Travel_Rarely,4,1,7,32,1,0,1,Full-Time,No
EMP00942,57,Female,Research & Development,Research Director,2,Other,Single,5,13,10,3,34,86965,83,3,4,1,3,No,Travel_Rarely,2,4,4,37,2,1,1,Full-Time,No
EMP00943,52,Male,Sales,Sales Executive,2,Human Resources,Single,5,29,8,20,32,87874,30,1,4,2,3,Yes,Travel_Rarely,2,5,2,12,2,0,1,Full-Time,Yes
EMP00944,56,Male,Research & Development,Healthcare Representative,5,Medical,Married,5,9,7,6,35,122132,96,1,2,3,2,No,Travel_Rarely,3,1,7,18,3,0,1,Full-Time,No
EMP00945,46,Male,Research & Development,Laboratory Technician,2,Human Resources,Single,4,24,18,4,25,67556,35,3,2,4,2,No,Travel_Rarely,3,0,2,30,3,0,0,Full-Time,No
EMP00946,52,Male,Research & Development,Research Director,2,Medical,Married,5,25,16,12,29,100557,84,3,2,2,3,Yes,Travel_Rarely,2,4,4,13,3,0,1,Contract,No
EMP00947,23,Female,Sales,Sales Representative,3,Life Sciences,Married,1,0,0,0,1,33222,67,3,3,4,4,No,Travel_Frequently,3,5,2,3,3,0,0,Full-Time,Yes
EMP00948,41,Female,Research & Development,Research Scientist,4,Other,Married,3,17,12,11,18,74499,62,1,2,1,2,No,Non-Travel,3,2,1,21,2,0,1,Full-Time,No
EMP00949,21,Male,Sales,Sales Executive,2,Medical,Divorced,1,0,0,0,0,41903,37,4,3,4,1,No,Travel_Frequently,3,1,4,14,3,2,1,Full-Time,No
EMP00950,29,Male,Sales,Sales Executive,5,Other,Divorced,3,2,1,0,6,64901,49,3,3,3,2,No,Travel_Rarely,3,0,5,10,3,0,1,Full-Time,No
EMP00951,24,Female,Human Resources,HR Manager,4,Other,Divorced,2,1,0,0,3,51045,84,4,4,3,4,No,Travel_Rarely,3,0,6,2,3,2,0,Full-Time,No
EMP00952,29,Female,Research & Development,Laboratory Technician,3,Medical,Single,2,1,0,0,6,64366,77,3,4,3,4,Yes,Travel_Rarely,3,0,4,37,3,1,0,Contract,Yes
EMP00953,52,Male,Sales,Sales Manager,4,Marketing,Single,5,14,13,9,29,115502,85,1,4,4,3,Yes,Non-Travel,4,6,1,11,3,1,1,Full-Time,Yes
EMP00954,57,Male,Sales,Sales Executive,1,Human Resources,Single,5,27,8,21,35,120769,39,4,1,2,4,Yes,Travel_Rarely,3,4,1,1,1,0,1,Full-Time,No
EMP00955,32,Male,Sales,Sales Representative,3,Medical,Divorced,3,5,3,1,11,67371,81,4,1,1,3,No,Travel_Frequently,2,3,1,26,3,3,1,Full-Time,No
EMP00956,50,Female,Sales,Sales Executive,4,Life Sciences,Divorced,5,12,7,0,28,89934,79,3,4,3,4,No,Non-Travel,3,2,7,13,2,0,1,Full-Time,No
EMP00957,55,Male,Sales,Sales Representative,1,Other,Divorced,5,21,4,12,32,98201,63,3,3,4,2,No,Travel_Rarely,2,4,5,28,3,1,1,Full-Time,No
EMP00958,43,Female,Sales,Sales Executive,2,Technical Degree,Single,3,20,18,9,23,76106,65,1,3,4,2,Yes,Travel_Rarely,3,4,5,36,2,1,1,Part-Time,No
EMP00959,34,Male,Research & Development,Research Director,3,Medical,Divorced,2,2,1,0,11,43426,90,3,1,3,3,No,Travel_Rarely,2,5,6,21,4,0,1,Full-Time,Yes
EMP00960,48,Female,Research & Development,Laboratory Technician,2,Human Resources,Married,5,12,7,2,25,91626,45,4,2,3,3,No,Travel_Rarely,3,6,6,10,3,0,0,Full-Time,No
EMP00961,27,Male,Research & Development,Manufacturing Director,5,Other,Single,2,1,0,0,5,41919,47,1,3,1,3,No,Travel_Frequently,3,1,2,12,3,0,1,Part-Time,No
EMP00962,24,Male,Research & Development,Manufacturing Director,2,Marketing,Married,1,3,0,0,4,35183,76,2,4,4,2,No,Travel_Rarely,3,2,2,27,3,2,1,Full-Time,Yes
EMP00963,48,Male,Sales,Sales Executive,4,Life Sciences,Single,4,7,3,4,28,98570,61,4,4,4,3,No,Travel_Frequently,1,0,3,3,4,2,0,Full-Time,No
EMP00964,23,Female,Human Resources,HR Manager,3,Marketing,Married,2,0,0,0,1,41391,72,2,3,3,2,No,Travel_Rarely,3,4,6,28,3,3,1,Full-Time,Yes
EMP00965,31,Male,Research & Development,Laboratory Technician,4,Technical Degree,Single,2,4,2,2,10,57007,69,3,3,3,1,Yes,Non-Travel,2,2,6,2,2,0,1,Part-Time,Yes
EMP00966,21,Male,Research & Development,Research Scientist,3,Medical,Married,1,0,0,0,1,43436,94,3,4,4,4,No,Travel_Rarely,1,1,2,28,4,0,0,Full-Time,No
EMP00967,46,Male,Research & Development,Laboratory Technician,3,Other,Married,5,24,15,4,26,90067,64,3,3,4,4,No,Travel_Frequently,4,3,1,31,3,0,0,Part-Time,No
EMP00968,50,Male,Human Resources,Human Resources,4,Medical,Divorced,5,6,5,4,28,111304,98,3,3,3,4,No,Travel_Rarely,3,2,3,21,3,3,1,Full-Time,No
EMP00969,55,Female,Research & Development,Research Director,3,Human Resources,Married,5,18,12,8,34,124392,79,2,4,3,3,Yes,Travel_Rarely,2,6,6,7,4,0,1,Full-Time,No
EMP00970,55,Female,Sales,Sales Representative,3,Medical,Married,5,7,4,1,34,123795,41,1,4,3,3,No,Travel_Frequently,3,6,1,31,2,0,1,Full-Time,Yes
EMP00971,45,Female,Research & Development,Research Scientist,3,Life Sciences,Married,4,12,10,5,22,75462,87,4,4,3,3,Yes,Travel_Rarely,3,0,0,14,2,3,1,Full-Time,No
EMP00972,46,Male,Research & Development,Laboratory Technician,4,Technical Degree,Divorced,5,13,7,3,23,83715,92,4,2,3,2,No,Travel_Frequently,3,6,7,39,3,1,0,Full-Time,No
EMP00973,24,Female,Research & Development,Research Scientist,3,Marketing,Single,2,0,0,0,2,44358,78,3,3,2,2,No,Travel_Frequently,3,4,6,39,3,1,0,Full-Time,No
EMP00974,39,Male,Research & Development,Laboratory Technician,5,Technical Degree,Married,3,5,2,1,18,75664,65,3,4,3,2,No,Travel_Rarely,4,3,5,9,3,0,0,Full-Time,No
EMP00975,30,Male,Sales,Sales Manager,2,Other,Single,3,4,1,2,8,76411,83,2,1,3,4,Yes,Travel_Frequently,3,1,4,23,3,1,1,Full-Time,No
EMP00976,29,Male,Research & Development,Research Director,3,Medical,Single,2,4,3,0,6,56981,76,1,4,3,2,No,Travel_Rarely,3,0,0,12,3,3,1,Part-Time,No
EMP00977,59,Male,Human Resources,HR Manager,4,Other,Married,5,30,20,9,37,94677,61,4,2,2,4,No,Travel_Rarely,3,3,5,29,3,1,0,Part-Time,No
EMP00978,57,Female,Research & Development,Research Scientist,4,Marketing,Divorced,5,21,19,16,35,86944,82,3,4,4,3,Yes,Travel_Rarely,3,5,5,38,4,0,1,Full-Time,No
EMP00979,25,Female,Research & Development,Manufacturing Director,4,Other,Single,2,3,2,1,5,54738,61,2,3,3,3,No,Travel_Rarely,4,5,7,39,2,0,1,Contract,No
EMP00980,27,Female,Sales,Sales Representative,5,Human Resources,Married,2,2,0,0,7,52408,91,1,2,1,2,Yes,Travel_Rarely,4,1,1,22,3,0,0,Full-Time,Yes
EMP00981,42,Male,Research & Development,Manufacturing Director,3,Technical Degree,Divorced,3,9,5,1,22,76508,66,1,3,3,2,No,Travel_Rarely,3,0,2,4,3,1,1,Full-Time,No
EMP00982,45,Male,Human Resources,HR Manager,2,Marketing,Divorced,5,7,3,1,22,99573,67,2,3,4,4,No,Travel_Rarely,4,6,4,7,3,0,1,Full-Time,No
EMP00983,31,Male,Research & Development,Research Scientist,1,Marketing,Single,2,3,2,1,9,48927,59,4,3,4,2,No,Travel_Rarely,3,4,2,8,2,1,0,Part-Time,No
EMP00984,45,Male,Research & Development,Laboratory Technician,4,Marketing,Divorced,5,9,7,5,25,92696,87,4,3,2,2,No,Travel_Rarely,3,1,2,35,1,1,1,Full-Time,No
EMP00985,32,Male,Research & Development,Healthcare Representative,4,Life Sciences,Single,3,7,2,4,12,60211,61,4,4,4,2,No,Travel_Rarely,4,6,6,9,3,2,0,Full-Time,No
EMP00986,59,Male,Research & Development,Research Director,2,Technical Degree,Married,5,25,16,10,39,91407,95,4,3,1,2,No,Travel_Frequently,1,3,4,13,2,0,0,Full-Time,No
EMP00987,37,Male,Sales,Sales Executive,2,Other,Single,4,13,9,8,14,69998,80,4,3,4,2,Yes,Travel_Rarely,3,0,4,39,3,2,0,Full-Time,Yes
EMP00988,44,Male,Research & Development,Research Director,1,Marketing,Single,5,7,2,2,21,95178,40,3,1,2,3,No,Travel_Rarely,3,5,0,20,2,1,1,Full-Time,No
EMP00989,52,Female,Research & Development,Research Director,4,Technical Degree,Married,5,21,17,2,30,80750,88,2,4,1,3,No,Travel_Rarely,4,5,1,21,3,0,1,Full-Time,No
EMP00990,59,Female,Research & Development,Healthcare Representative,3,Marketing,Married,5,31,21,13,37,87718,49,4,2,3,3,No,Travel_Rarely,4,2,2,19,3,3,1,Full-Time,No
EMP00991,31,Female,Research & Development,Healthcare Representative,3,Human Resources,Single,2,5,4,3,9,58722,66,2,3,3,2,No,Travel_Rarely,4,0,7,2,3,0,1,Part-Time,No
EMP00992,55,Female,Human Resources,HR Manager,3,Human Resources,Single,5,14,6,8,35,94184,78,2,4,3,4,Yes,Travel_Rarely,4,3,1,30,3,1,1,Full-Time,No
EMP00993,23,Male,Sales,Sales Representative,4,Human Resources,Married,1,0,0,0,2,39075,48,2,2,4,3,No,Travel_Rarely,3,3,1,23,3,0,1,Full-Time,No
EMP00994,24,Female,Research & Development,Healthcare Representative,4,Medical,Single,2,0,0,0,1,58005,84,3,3,4,1,No,Travel_Rarely,1,2,7,13,3,1,1,Full-Time,No
EMP00995,56,Female,Sales,Sales Representative,3,Marketing,Married,5,15,4,11,36,106075,69,2,2,3,3,No,Travel_Rarely,1,6,6,33,2,1,1,Full-Time,No
EMP00996,27,Male,Research & Development,Laboratory Technician,2,Medical,Single,1,5,4,1,7,43868,36,2,4,3,1,Yes,Travel_Rarely,3,3,3,32,1,0,0,Full-Time,Yes
EMP00997,47,Male,Sales,Sales Representative,3,Technical Degree,Single,5,5,1,1,25,80046,34,3,3,1,3,No,Travel_Frequently,3,6,0,28,4,1,1,Full-Time,No
EMP00998,50,Female,Sales,Sales Representative,4,Medical,Married,4,10,8,7,28,95107,71,4,4,1,3,Yes,Travel_Rarely,3,6,2,24,3,1,1,Full-Time,No
EMP00999,28,Male,Research & Development,Research Director,5,Technical Degree,Married,3,6,3,4,8,83751,77,3,4,3,4,No,Non-Travel,3,0,5,28,3,2,1,Full-Time,No
EMP01000,48,Male,Sales,Sales Executive,2,Technical Degree,Married,4,20,9,5,25,99928,36,4,3,1,2,No,Travel_Rarely,4,6,4,30,1,0,0,Full-Time,No
EMP01001,33,Male,Research & Development,Research Director,1,Technical Degree,Single,2,5,1,1,10,44829,40,2,4,4,3,No,Non-Travel,3,5,4,29,4,0,1,Full-Time,Yes
EMP01002,59,Male,Human Resources,HR Manager,1,Other,Divorced,5,29,20,9,39,94247,78,2,3,3,2,No,Travel_Frequently,4,1,1,34,3,1,1,Contract,No
EMP01003,41,Male,Sales,Sales Representative,3,Medical,Married,3,10,6,1,20,58982,59,3,3,2,3,No,Travel_Rarely,4,5,7,22,4,0,1,Full-Time,No
EMP01004,30,Male,Research & Development,Healthcare Representative,4,Other,Single,2,2,0,1,9,55231,70,3,3,3,3,No,Travel_Rarely,3,6,0,25,4,1,0,Full-Time,No
EMP01005,42,Male,Research & Development,Research Director,1,Marketing,Married,4,9,8,2,19,94075,32,3,4,2,1,No,Travel_Rarely,3,5,0,14,4,0,0,Full-Time,No
EMP01006,20,Male,Research & Development,Research Scientist,3,Medical,Divorced,1,0,0,0,0,33281,69,4,3,3,3,No,Travel_Rarely,3,0,2,10,4,0,1,Full-Time,No
EMP01007,56,Female,Sales,Sales Executive,3,Marketing,Single,5,33,18,4,35,104137,80,4,2,4,3,No,Non-Travel,3,6,2,10,1,2,1,Full-Time,No
EMP01008,40,Male,Sales,Sales Executive,1,Marketing,Single,4,4,2,1,19,93245,61,4,3,3,4,No,Travel_Frequently,3,3,1,8,4,2,1,Full-Time,No
EMP01009,45,Male,Sales,Sales Representative,3,Technical Degree,Married,4,13,3,0,23,82732,77,3,3,1,2,No,Travel_Rarely,2,2,1,14,1,1,1,Part-Time,No
EMP01010,55,Male,Sales,Sales Representative,2,Medical,Married,5,15,14,9,34,118761,49,2,1,4,4,Yes,Travel_Rarely,3,2,1,38,4,2,0,Full-Time,No
EMP01011,42,Female,Sales,Sales Manager,3,Marketing,Married,3,13,6,6,22,77853,64,3,3,2,4,No,Travel_Rarely,2,4,3,32,2,1,1,Full-Time,No
EMP01012,20,Male,Research & Development,Healthcare Representative,4,Human Resources,Single,1,0,0,0,0,29116,53,1,3,4,4,No,Travel_Rarely,3,2,0,32,3,1,1,Full-Time,Yes
EMP01013,59,Male,Human Resources,Recruiter,3,Marketing,Single,5,16,8,0,37,107932,69,2,3,3,3,Yes,Non-Travel,3,2,1,3,1,3,1,Full-Time,No
EMP01014,34,Female,Research & Development,Manufacturing Director,2,Human Resources,Married,2,11,7,1,14,46447,81,2,3,3,4,No,Travel_Rarely,3,3,6,20,3,1,1,Full-Time,No
EMP01015,40,Female,Research & Development,Healthcare Representative,5,Medical,Single,3,12,7,0,19,71111,68,3,3,4,3,No,Travel_Rarely,4,1,0,13,2,1,1,Full-Time,No
EMP01016,28,Male,Sales,Sales Executive,3,Other,Married,2,2,1,0,5,63765,97,1,4,4,2,No,Travel_Rarely,3,1,5,23,3,0,1,Full-Time,Yes
EMP01017,28,Female,Sales,Sales Manager,4,Medical,Married,3,3,0,1,8,81240,90,1,4,1,3,Yes,Travel_Rarely,4,3,4,19,4,3,1,Full-Time,Yes
EMP01018,29,Male,Sales,Sales Representative,1,Other,Single,2,3,1,1,9,50508,94,3,3,2,3,No,Travel_Rarely,3,2,4,16,3,0,1,Full-Time,No
EMP01019,45,Male,Sales,Sales Manager,1,Other,Divorced,4,11,9,5,22,77669,91,3,1,4,4,Yes,Non-Travel,3,0,0,36,1,0,1,Full-Time,No
EMP01020,54,Male,Research & Development,Research Director,1,Medical,Married,5,26,6,11,31,89949,31,4,4,1,3,Yes,Travel_Rarely,3,5,5,35,3,0,0,Full-Time,No
EMP01021,44,Male,Research & Development,Research Scientist,2,Marketing,Married,4,22,19,4,23,87068,35,3,4,3,2,No,Travel_Rarely,3,6,4,7,1,0,1,Full-Time,No
EMP01022,45,Female,Research & Development,Healthcare Representative,3,Life Sciences,Single,4,13,3,2,24,70755,72,1,2,4,3,Yes,Travel_Rarely,4,5,4,37,3,0,1,Full-Time,No
EMP01023,30,Male,Research & Development,Healthcare Representative,5,Marketing,Single,2,4,3,0,8,53982,69,2,1,3,4,No,Travel_Frequently,4,1,4,8,4,2,1,Full-Time,No
EMP01024,57,Male,Research & Development,Research Director,3,Marketing,Married,5,30,14,20,35,79112,68,1,1,4,2,Yes,Travel_Frequently,3,3,2,25,3,1,1,Full-Time,Yes
EMP01025,21,Female,Research & Development,Research Scientist,2,Technical Degree,Single,1,0,0,0,1,33393,57,4,2,4,2,No,Travel_Frequently,1,0,5,23,2,0,1,Full-Time,No
EMP01026,26,Female,Sales,Sales Executive,3,Technical Degree,Divorced,1,1,0,0,3,31678,92,4,1,3,3,No,Travel_Frequently,3,2,7,10,3,2,1,Full-Time,Yes
EMP01027,37,Male,Human Resources,HR Manager,2,Marketing,Single,4,5,1,0,14,104177,93,2,4,4,2,No,Travel_Rarely,3,3,2,30,4,1,0,Full-Time,Yes
EMP01028,46,Female,Human Resources,Recruiter,3,Human Resources,Married,5,19,7,13,24,112866,41,2,3,3,1,No,Travel_Frequently,1,1,0,33,2,1,1,Full-Time,No
EMP01029,53,Male,Research & Development,Research Director,3,Other,Married,5,20,6,11,33,95308,70,4,3,3,2,No,Travel_Frequently,4,6,0,11,3,0,0,Full-Time,No
EMP01030,46,Female,Research & Development,Laboratory Technician,4,Technical Degree,Married,5,22,9,11,26,83367,58,3,4,3,4,No,Travel_Rarely,3,0,3,35,3,2,1,Full-Time,No
EMP01031,36,Female,Research & Development,Healthcare Representative,5,Marketing,Single,4,11,6,3,14,86455,52,4,4,4,1,No,Non-Travel,3,0,7,27,3,0,1,Full-Time,No
EMP01032,43,Female,Human Resources,Human Resources,2,Life Sciences,Married,3,7,4,1,21,60273,80,2,4,4,3,No,Non-Travel,4,1,2,3,4,0,0,Full-Time,No
EMP01033,44,Male,Human Resources,Recruiter,3,Human Resources,Single,4,16,13,12,22,87220,74,2,4,2,3,No,Travel_Frequently,3,0,0,8,2,0,1,Full-Time,Yes
EMP01034,26,Male,Sales,Sales Manager,5,Medical,Divorced,1,4,2,2,5,41833,51,4,3,2,4,No,Travel_Rarely,3,5,7,13,3,1,1,Full-Time,Yes
EMP01035,25,Male,Research & Development,Manufacturing Director,4,Marketing,Single,1,2,1,0,5,38210,39,3,4,4,4,No,Travel_Frequently,3,6,2,3,3,1,1,Contract,No
EMP01036,43,Male,Research & Development,Manufacturing Director,3,Marketing,Divorced,3,7,3,4,23,73514,36,3,4,3,3,No,Travel_Rarely,3,1,3,20,2,0,0,Part-Time,No
EMP01037,52,Male,Research & Development,Research Scientist,5,Other,Married,5,6,3,3,32,104207,44,3,1,2,4,No,Travel_Rarely,3,5,0,35,2,0,1,Full-Time,No
EMP01038,48,Female,Sales,Sales Executive,1,Human Resources,Single,5,14,7,3,26,122167,75,3,3,3,1,Yes,Travel_Rarely,3,3,0,13,3,1,1,Full-Time,No
EMP01039,41,Male,Research & Development,Manufacturing Director,5,Technical Degree,Married,3,9,7,3,19,82904,90,4,3,4,3,No,Travel_Frequently,2,4,0,20,2,1,0,Full-Time,No
EMP01040,45,Male,Research & Development,Research Scientist,1,Technical Degree,Single,4,14,5,2,23,86296,90,2,4,4,3,No,Non-Travel,2,6,0,24,4,0,1,Full-Time,No
EMP01041,47,Female,Research & Development,Research Director,3,Technical Degree,Divorced,4,8,1,0,25,78224,80,3,3,4,2,No,Travel_Frequently,3,2,1,9,1,2,0,Full-Time,No
EMP01042,40,Male,Research & Development,Manufacturing Director,4,Medical,Married,4,15,10,8,17,84223,67,4,3,2,3,No,Travel_Rarely,3,3,5,30,1,3,0,Full-Time,No
EMP01043,26,Female,Research & Development,Healthcare Representative,2,Human Resources,Single,2,1,0,0,4,45277,41,2,1,4,2,Yes,Travel_Rarely,3,5,5,25,2,0,1,Full-Time,Yes
EMP01044,36,Male,Research & Development,Manufacturing Director,3,Human Resources,Married,3,5,4,3,15,73594,95,3,2,3,4,No,Travel_Rarely,3,2,2,16,2,1,0,Full-Time,No
EMP01045,39,Male,Research & Development,Research Director,3,Technical Degree,Single,4,9,7,7,16,85803,83,4,1,4,3,No,Non-Travel,2,2,2,8,3,0,1,Full-Time,No
EMP01046,39,Male,Sales,Sales Manager,5,Technical Degree,Divorced,3,9,2,0,16,56803,68,4,3,2,3,No,Non-Travel,3,5,7,28,3,1,1,Contract,No
EMP01047,41,Male,Research & Development,Healthcare Representative,4,Other,Single,4,7,1,2,19,74008,68,3,4,1,2,No,Travel_Rarely,4,5,7,12,3,0,1,Full-Time,No
EMP01048,47,Female,Sales,Sales Executive,4,Life Sciences,Married,5,11,6,7,27,101352,59,3,2,3,2,No,Non-Travel,2,6,2,24,4,0,0,Full-Time,Yes
EMP01049,59,Male,Research & Development,Healthcare Representative,3,Life Sciences,Married,5,12,8,7,37,120322,77,4,3,2,4,No,Travel_Rarely,3,1,3,29,3,2,1,Full-Time,No
EMP01050,26,Male,Sales,Sales Representative,4,Marketing,Divorced,2,4,1,2,6,54393,60,4,2,4,3,No,Travel_Frequently,3,4,6,15,2,2,0,Full-Time,Yes
EMP01051,20,Male,Sales,Sales Manager,3,Marketing,Single,2,0,0,0,0,57156,54,4,1,4,4,No,Travel_Rarely,3,6,1,18,4,0,1,Full-Time,No
EMP01052,51,Male,Sales,Sales Executive,3,Human Resources,Married,4,16,10,5,29,79522,97,3,3,3,2,No,Travel_Rarely,2,5,6,7,3,0,1,Contract,No
EMP01053,32,Female,Sales,Sales Manager,4,Human Resources,Married,3,9,4,4,12,71549,80,2,1,4,2,No,Travel_Rarely,4,2,2,13,3,0,1,Full-Time,No
EMP01054,49,Male,Research & Development,Laboratory Technician,3,Medical,Married,4,22,4,17,29,83747,42,3,3,3,3,No,Travel_Frequently,3,2,7,19,3,1,1,Contract,No
EMP01055,42,Female,Research & Development,Healthcare Representative,1,Medical,Single,4,6,4,1,22,92006,92,4,1,4,3,Yes,Travel_Frequently,4,3,7,5,2,2,1,Full-Time,No
EMP01056,38,Female,Research & Development,Healthcare Representative,1,Life Sciences,Single,3,17,6,12,18,55143,71,4,1,4,2,Yes,Travel_Rarely,3,4,2,26,4,1,0,Full-Time,No
EMP01057,51,Male,Sales,Sales Manager,2,Marketing,Single,4,25,21,5,30,85538,83,1,3,4,3,Yes,Travel_Frequently,3,4,0,2,2,1,1,Full-Time,Yes
EMP01058,49,Female,Sales,Sales Executive,4,Life Sciences,Married,5,10,5,7,29,92813,96,3,3,3,3,No,Travel_Frequently,3,2,7,33,3,2,1,Full-Time,No
EMP01059,48,Male,Sales,Sales Manager,3,Life Sciences,Single,5,9,5,4,26,94217,85,3,1,3,2,No,Travel_Rarely,3,4,6,37,2,1,1,Full-Time,No
EMP01060,48,Male,Sales,Sales Executive,4,Marketing,Married,4,7,6,2,26,103775,48,4,3,4,2,No,Travel_Rarely,3,3,7,25,3,1,0,Full-Time,No
EMP01061,49,Male,Human Resources,Recruiter,3,Medical,Single,5,8,7,3,28,87545,75,3,4,2,3,No,Travel_Rarely,3,1,0,25,3,1,0,Part-Time,No
EMP01062,35,Female,Sales,Sales Manager,2,Other,Divorced,3,11,5,2,15,63354,44,3,4,4,3,No,Travel_Rarely,2,2,7,39,2,2,0,Full-Time,No
EMP01063,59,Female,Research & Development,Manufacturing Director,3,Other,Divorced,5,21,7,4,37,102760,61,1,1,4,3,No,Non-Travel,3,0,6,30,3,0,0,Full-Time,No
EMP01064,38,Male,Sales,Sales Executive,4,Other,Married,3,14,11,1,17,80735,78,3,3,3,3,Yes,Non-Travel,1,2,6,4,3,0,1,Full-Time,No
EMP01065,37,Female,Sales,Sales Representative,3,Marketing,Married,3,11,6,1,15,66675,50,1,3,4,2,No,Travel_Rarely,2,2,0,19,3,0,1,Full-Time,No
EMP01066,20,Male,Research & Development,Laboratory Technician,5,Technical Degree,Single,1,0,0,0,0,40323,94,4,1,4,4,Yes,Travel_Frequently,3,1,2,27,3,2,0,Full-Time,Yes
EMP01067,33,Male,Research & Development,Manufacturing Director,4,Technical Degree,Single,3,8,7,4,12,80525,99,4,4,3,4,Yes,Travel_Rarely,2,5,0,39,3,0,1,Full-Time,No
EMP01068,21,Male,Sales,Sales Representative,3,Technical Degree,Single,2,0,0,0,0,48240,56,3,4,3,3,Yes,Travel_Frequently,4,5,2,24,1,0,1,Full-Time,No
EMP01069,47,Female,Sales,Sales Manager,3,Human Resources,Married,4,10,2,0,24,81617,52,3,4,4,1,Yes,Travel_Rarely,4,0,6,37,3,3,1,Full-Time,No
EMP01070,49,Female,Research & Development,Research Scientist,5,Medical,Married,4,20,4,13,29,80205,76,4,4,3,3,Yes,Travel_Rarely,3,0,3,25,3,3,1,Part-Time,No
EMP01071,57,Male,Sales,Sales Manager,4,Medical,Divorced,5,7,4,3,34,117777,41,2,4,1,3,No,Travel_Rarely,4,0,3,29,3,3,0,Full-Time,No
EMP01072,23,Male,Sales,Sales Representative,1,Human Resources,Married,2,0,0,0,2,41864,95,2,3,4,4,Yes,Travel_Rarely,4,5,4,31,4,0,0,Full-Time,Yes
EMP01073,20,Male,Human Resources,Human Resources,3,Life Sciences,Married,2,0,0,0,0,48202,34,4,3,3,4,No,Travel_Frequently,3,6,7,35,1,2,1,Full-Time,No
EMP01074,27,Male,Research & Development,Research Scientist,4,Other,Married,2,3,1,0,5,57105,38,4,4,4,4,Yes,Travel_Frequently,4,1,1,28,2,0,0,Full-Time,No
EMP01075,48,Male,Research & Development,Research Scientist,4,Technical Degree,Married,4,11,5,4,28,88352,49,4,3,1,1,Yes,Non-Travel,2,4,0,38,2,0,0,Part-Time,No
EMP01076,58,Female,Research & Development,Laboratory Technician,2,Other,Single,5,26,19,13,35,99337,92,2,2,1,4,No,Travel_Frequently,3,0,5,4,1,0,1,Full-Time,No
EMP01077,22,Male,Research & Development,Healthcare Representative,4,Technical Degree,Married,2,1,0,0,2,53758,59,1,3,4,3,No,Travel_Rarely,3,4,0,28,2,1,0,Full-Time,Yes
EMP01078,51,Male,Research & Development,Research Director,5,Other,Married,4,13,12,0,30,74005,45,1,4,1,4,No,Non-Travel,3,3,1,31,4,0,1,Full-Time,No
EMP01079,29,Male,Research & Development,Healthcare Representative,2,Life Sciences,Married,2,1,0,0,6,51137,34,2,1,4,3,No,Travel_Rarely,1,1,7,23,2,1,1,Full-Time,No
EMP01080,29,Female,Research & Development,Manufacturing Director,4,Other,Divorced,3,8,7,1,9,69353,58,4,3,4,2,No,Travel_Rarely,3,4,7,14,3,2,1,Full-Time,No
EMP01081,38,Female,Sales,Sales Executive,1,Other,Single,3,7,2,2,16,81937,76,2,4,4,3,No,Travel_Rarely,3,5,6,28,2,0,1,Full-Time,No
EMP01082,53,Male,Research & Development,Manufacturing Director,1,Marketing,Single,5,8,6,3,31,91178,51,4,4,1,2,No,Travel_Rarely,3,6,1,14,3,0,0,Full-Time,No
EMP01083,52,Female,Research & Development,Research Director,2,Other,Married,5,18,6,1,32,119404,86,2,4,3,3,No,Non-Travel,3,5,6,1,4,0,1,Full-Time,No
EMP01084,42,Male,Human Resources,Recruiter,1,Marketing,Married,3,17,4,9,22,73843,64,3,3,4,4,Yes,Travel_Rarely,3,0,4,32,2,3,1,Full-Time,Yes
EMP01085,47,Male,Research & Development,Healthcare Representative,4,Medical,Single,4,10,8,4,27,67093,89,4,1,3,1,No,Non-Travel,3,6,1,18,4,0,1,Full-Time,No
EMP01086,51,Male,Research & Development,Manufacturing Director,1,Human Resources,Married,5,12,10,2,30,112745,99,2,4,3,2,No,Travel_Frequently,2,0,2,5,4,0,0,Full-Time,No
EMP01087,26,Male,Sales,Sales Executive,2,Other,Divorced,1,1,0,0,5,28636,89,3,2,3,2,No,Travel_Rarely,3,6,0,15,3,0,1,Full-Time,Yes
EMP01088,48,Male,Research & Development,Research Director,2,Medical,Divorced,5,25,19,1,26,125428,87,2,3,1,3,No,Travel_Rarely,3,4,1,16,2,2,1,Full-Time,No
EMP01089,27,Female,Sales,Sales Executive,2,Marketing,Single,2,2,1,0,6,61743,32,1,2,4,4,Yes,Travel_Rarely,2,5,2,36,3,0,0,Full-Time,Yes
EMP01090,20,Female,Research & Development,Research Director,1,Other,Divorced,2,0,0,0,0,47936,63,3,2,4,2,No,Travel_Rarely,3,4,1,36,4,0,0,Full-Time,Yes
EMP01091,22,Female,Sales,Sales Manager,4,Other,Married,1,0,0,0,0,32297,74,3,3,4,2,Yes,Travel_Rarely,3,3,5,30,2,0,0,Full-Time,Yes
EMP01092,43,Male,Research & Development,Manufacturing Director,2,Life Sciences,Married,4,6,3,3,22,81176,79,3,3,3,4,No,Non-Travel,2,1,2,38,3,2,1,Full-Time,No
EMP01093,42,Male,Sales,Sales Representative,4,Medical,Married,4,18,10,7,19,80190,31,4,3,4,4,Yes,Travel_Frequently,3,5,3,23,2,0,0,Full-Time,Yes
EMP01094,27,Female,Research & Development,Manufacturing Director,4,Technical Degree,Married,2,5,2,0,6,49736,44,3,4,2,1,Yes,Travel_Frequently,3,2,7,11,2,1,1,Part-Time,No
EMP01095,56,Male,Human Resources,Human Resources,1,Technical Degree,Married,5,30,27,8,34,93849,66,1,2,3,3,No,Travel_Rarely,3,5,2,25,4,0,1,Full-Time,No
EMP01096,22,Male,Sales,Sales Manager,4,Life Sciences,Married,2,0,0,0,2,55707,44,3,2,3,3,No,Travel_Rarely,4,3,4,2,3,3,1,Full-Time,No
EMP01097,52,Male,Research & Development,Healthcare Representative,1,Marketing,Married,5,21,6,14,30,86688,89,1,3,4,3,Yes,Travel_Rarely,2,5,6,35,2,1,1,Full-Time,No
EMP01098,47,Female,Research & Development,Healthcare Representative,2,Technical Degree,Married,5,21,13,12,26,118388,93,3,3,4,3,No,Travel_Rarely,3,3,2,24,3,1,1,Part-Time,No
EMP01099,27,Male,Sales,Sales Executive,1,Technical Degree,Single,1,6,4,2,7,41454,81,3,4,4,4,Yes,Travel_Rarely,3,5,1,13,2,0,1,Full-Time,No
EMP01100,53,Male,Research & Development,Research Director,3,Human Resources,Divorced,5,11,3,3,33,101206,52,2,1,4,1,Yes,Travel_Rarely,3,3,3,37,2,0,1,Contract,Yes
EMP01101,54,Female,Sales,Sales Manager,3,Medical,Married,5,27,13,7,34,118701,66,4,4,4,2,Yes,Travel_Rarely,3,6,7,30,3,0,1,Full-Time,No
EMP01102,51,Male,Research & Development,Healthcare Representative,4,Marketing,Married,4,13,12,9,28,75938,70,4,3,1,3,No,Travel_Rarely,3,0,7,11,3,1,0,Contract,No
EMP01103,43,Male,Research & Development,Healthcare Representative,3,Other,Single,3,7,2,0,21,54103,86,4,3,4,3,No,Travel_Frequently,3,4,3,23,2,3,0,Contract,No
EMP01104,33,Male,Research & Development,Manufacturing Director,4,Medical,Married,3,5,3,3,10,73055,54,2,1,3,4,No,Non-Travel,2,5,2,28,1,0,0,Full-Time,No
EMP01105,51,Male,Research & Development,Manufacturing Director,2,Marketing,Single,5,25,19,13,31,100342,66,3,3,3,3,No,Travel_Rarely,3,1,1,29,3,2,1,Full-Time,No
EMP01106,35,Female,Sales,Sales Representative,4,Technical Degree,Single,3,7,3,3,13,71415,69,4,2,1,1,Yes,Travel_Rarely,3,0,7,15,4,0,0,Full-Time,Yes
EMP01107,23,Male,Sales,Sales Representative,2,Human Resources,Married,1,0,0,0,1,42889,75,2,2,3,3,No,Non-Travel,4,3,3,3,4,3,1,Part-Time,No
EMP01108,56,Male,Research & Development,Manufacturing Director,2,Medical,Married,5,34,26,16,35,124151,89,4,3,2,3,No,Travel_Rarely,3,1,5,9,2,0,1,Part-Time,No
EMP01109,40,Female,Research & Development,Laboratory Technician,2,Technical Degree,Married,4,8,4,3,17,91043,48,1,4,3,4,Yes,Travel_Frequently,3,0,2,8,3,0,0,Full-Time,No
EMP01110,33,Female,Research & Development,Manufacturing Director,2,Marketing,Single,2,6,3,0,10,59137,38,1,4,3,3,No,Travel_Rarely,3,2,2,33,4,1,1,Full-Time,No
EMP01111,50,Female,Research & Development,Healthcare Representative,3,Medical,Married,5,14,10,3,29,82947,98,4,3,4,3,No,Non-Travel,4,5,6,34,3,1,1,Part-Time,No
EMP01112,37,Male,Research & Development,Research Director,4,Other,Single,4,7,4,4,14,72567,34,4,3,4,3,No,Travel_Rarely,4,5,7,9,4,1,1,Full-Time,No
EMP01113,26,Male,Research & Development,Research Scientist,1,Medical,Divorced,1,4,3,1,6,40147,55,4,3,3,3,No,Travel_Rarely,3,3,7,17,4,1,1,Part-Time,No
EMP01114,29,Female,Research & Development,Research Director,4,Technical Degree,Married,3,8,3,2,9,67138,48,4,4,3,3,No,Travel_Rarely,3,0,7,1,2,1,1,Part-Time,No
EMP01115,26,Female,Research & Development,Manufacturing Director,4,Medical,Married,1,1,0,0,3,35408,59,1,3,2,2,No,Travel_Frequently,2,0,2,5,2,0,0,Part-Time,Yes
EMP01116,52,Male,Research & Development,Manufacturing Director,4,Other,Single,5,25,9,14,31,93400,77,2,2,3,4,No,Travel_Rarely,3,3,3,30,2,0,0,Full-Time,No
EMP01117,42,Male,Sales,Sales Manager,2,Human Resources,Single,4,5,1,2,20,89986,45,4,2,1,3,Yes,Travel_Rarely,3,2,0,11,2,0,1,Full-Time,Yes
EMP01118,40,Male,Research & Development,Manufacturing Director,3,Human Resources,Divorced,3,6,1,2,17,59382,47,2,3,4,3,No,Travel_Frequently,3,5,1,28,4,1,1,Full-Time,Yes
EMP01119,38,Female,Human Resources,HR Manager,5,Technical Degree,Single,4,9,8,3,16,90749,85,3,3,3,4,Yes,Travel_Rarely,2,4,4,38,4,1,0,Contract,No
EMP01120,38,Male,Research & Development,Laboratory Technician,4,Marketing,Married,3,3,2,1,17,59024,50,3,1,1,4,Yes,Travel_Rarely,3,2,4,17,1,1,0,Full-Time,No
EMP01121,55,Male,Sales,Sales Manager,3,Technical Degree,Married,5,13,9,6,33,82017,60,1,4,3,4,No,Travel_Rarely,3,3,7,23,3,1,1,Full-Time,No
EMP01122,48,Male,Research & Development,Manufacturing Director,2,Human Resources,Single,5,16,11,2,27,94411,30,2,4,3,4,No,Travel_Rarely,3,4,1,18,3,0,0,Full-Time,No
EMP01123,37,Female,Research & Development,Laboratory Technician,2,Life Sciences,Married,4,3,2,2,16,75314,32,3,3,3,2,No,Travel_Frequently,3,0,0,37,3,2,1,Full-Time,No
EMP01124,21,Female,Human Resources,Recruiter,3,Life Sciences,Married,1,0,0,0,1,42718,54,4,1,1,3,No,Travel_Rarely,3,6,6,27,3,0,1,Full-Time,No
EMP01125,20,Male,Sales,Sales Manager,4,Medical,Single,2,0,0,0,0,42118,37,4,3,4,3,Yes,Travel_Frequently,3,6,6,25,4,1,0,Full-Time,No
EMP01126,24,Female,Sales,Sales Representative,2,Other,Single,1,1,0,0,3,30964,94,3,4,2,2,No,Travel_Rarely,1,2,6,5,2,0,1,Full-Time,No
EMP01127,39,Female,Human Resources,HR Manager,3,Medical,Single,3,15,14,9,16,70834,91,3,4,1,4,Yes,Travel_Frequently,3,6,6,19,2,1,0,Full-Time,Yes
EMP01128,30,Male,Research & Development,Research Director,3,Life Sciences,Divorced,2,7,5,0,10,52345,36,2,2,1,3,No,Non-Travel,2,2,1,27,1,1,1,Part-Time,No
EMP01129,21,Male,Research & Development,Research Scientist,3,Human Resources,Married,1,0,0,0,0,28806,36,1,2,3,3,No,Travel_Frequently,3,6,2,13,3,0,1,Full-Time,Yes
EMP01130,22,Male,Human Resources,HR Manager,4,Medical,Single,1,0,0,0,0,28169,37,3,3,1,4,Yes,Travel_Frequently,4,5,5,7,2,1,1,Full-Time,No
EMP01131,42,Female,Sales,Sales Executive,4,Technical Degree,Single,4,16,10,4,20,104834,48,1,3,1,2,No,Travel_Rarely,4,6,1,26,3,0,1,Full-Time,No
EMP01132,31,Male,Research & Development,Manufacturing Director,3,Other,Married,2,2,0,1,8,56612,46,2,3,3,3,No,Travel_Rarely,3,5,1,14,3,0,0,Full-Time,Yes
EMP01133,39,Female,Sales,Sales Manager,4,Technical Degree,Married,4,5,3,0,17,80550,40,3,4,3,3,No,Travel_Rarely,4,4,5,27,3,1,1,Full-Time,No
EMP01134,24,Female,Research & Development,Research Director,2,Other,Married,2,1,0,0,2,52090,78,3,3,1,2,No,Travel_Frequently,3,0,3,8,3,2,1,Full-Time,No
EMP01135,56,Male,Research & Development,Manufacturing Director,2,Human Resources,Married,5,22,5,1,35,91444,40,1,1,2,2,Yes,Travel_Rarely,4,2,4,31,2,0,0,Full-Time,Yes
EMP01136,57,Female,Research & Development,Healthcare Representative,2,Medical,Single,5,29,27,0,35,95086,70,3,4,3,4,Yes,Travel_Rarely,3,4,7,35,4,0,0,Full-Time,No
EMP01137,49,Male,Human Resources,Human Resources,2,Other,Married,5,21,14,15,27,109230,91,3,1,2,3,Yes,Travel_Frequently,2,2,4,27,4,1,0,Full-Time,No
EMP01138,28,Male,Research & Development,Research Director,2,Technical Degree,Divorced,2,4,3,1,6,61987,81,1,4,3,4,Yes,Travel_Rarely,3,6,7,4,2,1,0,Part-Time,No
EMP01139,53,Female,Research & Development,Laboratory Technician,2,Medical,Single,5,30,22,8,31,87612,95,4,3,1,3,No,Travel_Rarely,3,5,2,4,2,0,1,Full-Time,No
EMP01140,54,Female,Sales,Sales Representative,4,Medical,Married,5,20,9,3,33,118126,97,1,4,1,2,No,Travel_Frequently,3,0,5,18,4,2,0,Full-Time,No
EMP01141,41,Male,Research & Development,Research Director,2,Technical Degree,Married,3,5,3,2,19,57379,96,4,2,3,2,No,Non-Travel,3,6,6,23,1,1,1,Full-Time,No
EMP01142,43,Female,Research & Development,Manufacturing Director,4,Life Sciences,Married,3,17,12,6,20,60322,69,1,1,2,3,No,Travel_Rarely,3,0,6,32,2,0,0,Part-Time,Yes
EMP01143,36,Female,Sales,Sales Manager,1,Other,Single,4,6,5,4,16,67749,34,4,3,1,4,No,Travel_Rarely,3,1,2,12,3,0,0,Full-Time,No
EMP01144,29,Male,Research & Development,Healthcare Representative,5,Technical Degree,Married,3,4,1,3,6,57985,51,1,3,3,1,No,Travel_Rarely,4,4,3,20,2,1,0,Contract,No
EMP01145,49,Female,Research & Development,Healthcare Representative,4,Human Resources,Married,5,28,25,14,29,121704,66,4,2,4,4,No,Travel_Rarely,4,5,2,12,2,1,0,Full-Time,No
EMP01146,42,Male,Research & Development,Healthcare Representative,1,Marketing,Married,4,14,13,4,19,84218,40,3,4,4,4,No,Travel_Rarely,3,5,5,8,3,0,1,Full-Time,No
EMP01147,51,Male,Research & Development,Research Scientist,4,Technical Degree,Single,4,20,14,7,31,69328,73,4,4,4,4,No,Travel_Rarely,3,5,5,22,3,3,1,Full-Time,No
EMP01148,36,Male,Research & Development,Healthcare Representative,3,Medical,Single,3,9,8,4,16,83781,82,3,3,4,3,Yes,Travel_Rarely,4,6,0,27,4,0,0,Full-Time,No
EMP01149,36,Female,Sales,Sales Executive,4,Medical,Single,4,7,3,0,16,100580,90,1,2,4,4,No,Travel_Rarely,4,3,3,17,4,1,1,Full-Time,No
EMP01150,33,Female,Sales,Sales Executive,3,Technical Degree,Married,2,6,5,1,13,58912,96,4,4,4,3,Yes,Travel_Rarely,2,2,5,32,1,0,1,Full-Time,No
EMP01151,28,Male,Research & Development,Research Scientist,3,Marketing,Single,3,4,3,0,7,82954,42,1,4,3,1,No,Travel_Rarely,3,0,5,33,2,2,1,Full-Time,No
EMP01152,59,Male,Research & Development,Research Director,4,Technical Degree,Married,5,28,6,1,36,89286,40,4,3,3,2,No,Travel_Rarely,3,2,3,31,3,2,1,Full-Time,No
EMP01153,21,Female,Sales,Sales Representative,3,Marketing,Married,1,0,0,0,1,41850,40,1,4,2,4,Yes,Travel_Rarely,3,2,6,6,3,0,1,Part-Time,No
EMP01154,44,Male,Research & Development,Research Director,1,Marketing,Married,4,7,4,2,21,93209,36,3,2,3,1,No,Travel_Rarely,2,3,1,39,2,3,1,Full-Time,No
EMP01155,58,Female,Research & Development,Manufacturing Director,4,Human Resources,Married,5,21,11,13,36,119493,46,4,2,4,3,No,Travel_Frequently,3,0,6,9,2,0,1,Full-Time,No
EMP01156,28,Female,Research & Development,Research Scientist,3,Other,Married,2,6,3,2,8,59925,77,3,1,3,1,No,Travel_Rarely,3,1,1,32,2,1,0,Full-Time,No
EMP01157,41,Male,Sales,Sales Manager,3,Medical,Single,4,10,3,2,18,79813,43,2,4,4,2,No,Non-Travel,3,5,0,36,3,2,1,Full-Time,No
EMP01158,23,Female,Research & Development,Laboratory Technician,1,Medical,Single,2,1,0,0,2,59385,92,4,3,3,1,Yes,Travel_Frequently,3,4,6,16,2,1,1,Full-Time,No
EMP01159,45,Male,Research & Development,Manufacturing Director,3,Marketing,Married,4,17,14,7,22,76535,93,4,2,3,4,No,Travel_Frequently,2,2,5,12,4,3,1,Full-Time,No
EMP01160,48,Female,Research & Development,Research Director,5,Medical,Married,5,20,4,4,28,94329,94,4,2,3,3,No,Travel_Rarely,4,3,3,3,2,2,1,Full-Time,No
EMP01161,53,Female,Research & Development,Research Scientist,2,Life Sciences,Single,5,16,6,7,31,84067,63,3,1,3,4,Yes,Travel_Frequently,4,3,3,27,4,3,1,Full-Time,No
EMP01162,42,Female,Research & Development,Healthcare Representative,3,Marketing,Married,3,17,3,13,19,83004,38,3,2,3,3,No,Travel_Rarely,3,4,7,27,4,0,1,Full-Time,No
EMP01163,56,Male,Research & Development,Laboratory Technician,4,Medical,Single,5,11,5,0,34,92581,66,3,3,4,4,No,Travel_Rarely,4,4,1,9,3,0,1,Full-Time,No
EMP01164,30,Female,Sales,Sales Manager,4,Life Sciences,Single,2,8,6,1,9,53294,59,2,2,4,3,Yes,Travel_Rarely,2,6,6,17,3,1,1,Full-Time,No
EMP01165,25,Male,Research & Development,Research Scientist,3,Human Resources,Single,2,0,0,0,2,50191,70,4,2,4,3,No,Travel_Rarely,3,0,4,5,3,1,1,Full-Time,No
EMP01166,37,Male,Research & Development,Laboratory Technician,3,Medical,Divorced,3,2,1,1,14,83787,74,2,4,2,3,Yes,Travel_Rarely,2,2,4,26,2,1,0,Contract,No
EMP01167,40,Male,Research & Development,Research Scientist,5,Life Sciences,Single,4,17,11,10,19,79366,76,3,3,4,3,No,Travel_Rarely,3,2,5,21,2,0,0,Full-Time,No
EMP01168,55,Male,Sales,Sales Representative,4,Technical Degree,Single,5,13,5,9,34,115252,36,3,4,2,4,No,Non-Travel,3,4,1,1,3,2,1,Full-Time,No
EMP01169,57,Male,Sales,Sales Executive,2,Other,Single,5,28,26,7,36,118826,43,4,1,2,3,Yes,Travel_Rarely,3,5,5,1,3,3,0,Full-Time,No
EMP01170,53,Female,Human Resources,Recruiter,1,Technical Degree,Single,5,28,22,22,33,99305,77,4,3,4,4,No,Travel_Rarely,3,6,2,35,3,0,1,Full-Time,No
EMP01171,36,Female,Research & Development,Research Scientist,3,Life Sciences,Married,3,14,9,1,16,65462,35,3,3,2,3,Yes,Travel_Rarely,3,1,3,9,3,0,1,Full-Time,No
EMP01172,56,Male,Human Resources,HR Manager,2,Marketing,Single,5,32,24,1,33,113820,63,3,2,1,2,No,Travel_Rarely,3,2,6,23,3,0,1,Full-Time,No
EMP01173,44,Female,Research & Development,Manufacturing Director,2,Marketing,Single,5,9,8,6,21,121499,75,4,1,3,3,No,Travel_Frequently,4,3,6,38,3,0,1,Contract,No
EMP01174,57,Male,Research & Development,Research Director,4,Medical,Married,5,26,20,19,34,114154,88,3,4,4,2,No,Travel_Rarely,3,5,5,4,3,1,1,Full-Time,No
EMP01175,31,Female,Research & Development,Research Scientist,1,Technical Degree,Single,3,2,0,0,9,60704,99,1,4,2,3,Yes,Travel_Rarely,3,4,0,19,3,3,1,Full-Time,Yes
EMP01176,42,Female,Human Resources,Recruiter,4,Marketing,Married,3,11,8,0,21,81531,37,1,1,3,3,No,Travel_Rarely,3,2,6,37,4,0,1,Full-Time,No
EMP01177,41,Male,Research & Development,Research Director,2,Marketing,Married,3,15,3,0,18,65758,53,1,2,3,4,No,Travel_Rarely,4,0,4,5,3,1,1,Part-Time,No
EMP01178,40,Female,Research & Development,Healthcare Representative,4,Technical Degree,Single,4,9,4,0,19,88772,96,3,4,4,1,No,Non-Travel,3,4,5,28,3,1,1,Full-Time,No
EMP01179,46,Male,Sales,Sales Executive,4,Human Resources,Married,5,17,8,2,26,117711,33,4,1,4,1,No,Travel_Rarely,3,3,2,23,3,0,1,Full-Time,No
EMP01180,50,Male,Research & Development,Research Scientist,1,Marketing,Single,4,17,5,13,29,73647,30,2,3,3,1,Yes,Travel_Rarely,3,0,3,38,3,1,1,Full-Time,No
EMP01181,25,Female,Research & Development,Manufacturing Director,3,Other,Married,1,2,0,1,3,40994,63,3,4,2,3,No,Travel_Rarely,3,6,7,23,3,1,1,Full-Time,Yes
EMP01182,46,Male,Sales,Sales Representative,2,Life Sciences,Married,5,23,7,14,24,106771,38,4,4,2,4,No,Travel_Rarely,3,4,6,18,1,2,0,Part-Time,No
EMP01183,59,Male,Sales,Sales Representative,4,Medical,Single,5,9,6,5,38,120590,92,4,3,3,4,No,Non-Travel,3,4,7,29,4,1,0,Contract,No
EMP01184,53,Male,Sales,Sales Manager,4,Marketing,Married,5,20,16,8,31,87046,39,3,2,4,3,No,Travel_Frequently,3,2,2,28,1,1,1,Full-Time,No
EMP01185,31,Female,Sales,Sales Manager,3,Other,Divorced,3,8,7,5,9,66801,39,2,2,1,4,No,Travel_Rarely,3,0,7,9,3,0,1,Full-Time,No
EMP01186,26,Male,Sales,Sales Executive,3,Other,Divorced,1,3,1,1,6,41791,79,1,4,2,2,Yes,Non-Travel,2,6,5,39,2,0,1,Part-Time,Yes
EMP01187,29,Male,Research & Development,Research Director,3,Marketing,Married,2,1,0,0,6,41261,73,1,4,4,1,Yes,Travel_Rarely,3,4,3,10,1,0,0,Full-Time,Yes
EMP01188,36,Female,Human Resources,HR Manager,4,Human Resources,Married,3,9,8,4,14,57084,77,1,3,3,1,Yes,Travel_Frequently,3,5,3,2,3,0,1,Full-Time,Yes
EMP01189,45,Female,Research & Development,Research Scientist,3,Life Sciences,Single,4,10,3,4,22,104932,35,2,4,4,4,Yes,Travel_Rarely,4,3,1,13,3,0,0,Full-Time,No
EMP01190,40,Male,Sales,Sales Representative,2,Medical,Single,4,6,4,3,19,77235,53,3,4,4,3,No,Travel_Rarely,3,0,1,38,4,0,1,Full-Time,No
EMP01191,47,Male,Sales,Sales Manager,3,Marketing,Married,4,22,17,17,26,104346,87,1,3,4,3,No,Travel_Rarely,3,5,7,27,2,1,1,Contract,No
EMP01192,21,Male,Research & Development,Research Scientist,1,Medical,Married,2,0,0,0,0,45180,93,1,4,3,2,No,Travel_Rarely,1,2,0,20,2,1,1,Full-Time,No
EMP01193,20,Male,Research & Development,Laboratory Technician,4,Technical Degree,Divorced,1,0,0,0,0,34008,85,2,3,3,3,No,Travel_Frequently,2,1,0,10,2,0,0,Full-Time,No
EMP01194,55,Male,Research & Development,Research Scientist,1,Other,Married,5,29,24,2,35,114058,41,3,3,4,4,No,Travel_Frequently,4,6,6,16,3,0,1,Full-Time,No
EMP01195,45,Female,Research & Development,Research Scientist,3,Other,Married,4,17,3,10,23,91953,64,3,2,3,1,No,Travel_Rarely,3,4,7,15,4,1,1,Full-Time,No
EMP01196,48,Female,Research & Development,Laboratory Technician,2,Marketing,Married,5,5,1,1,26,106072,35,3,4,2,3,No,Travel_Rarely,2,1,2,13,3,0,1,Full-Time,No
EMP01197,40,Female,Sales,Sales Representative,2,Marketing,Married,3,9,2,0,18,70241,94,2,3,2,2,No,Travel_Rarely,3,4,1,38,3,0,1,Full-Time,No
EMP01198,30,Male,Research & Development,Research Scientist,3,Technical Degree,Married,3,3,1,0,9,80118,89,3,2,3,1,No,Travel_Rarely,3,5,3,20,4,1,1,Full-Time,No
EMP01199,59,Female,Sales,Sales Manager,5,Human Resources,Married,5,35,21,17,38,89975,97,1,4,4,3,Yes,Travel_Frequently,4,2,1,24,2,0,0,Full-Time,No
EMP01200,30,Male,Human Resources,Human Resources,4,Marketing,Single,2,2,1,0,8,51419,58,2,3,2,2,Yes,Travel_Rarely,2,2,7,7,3,0,0,Full-Time,Yes
